2021-07-18 00:00:00 , 17  , 0
2021-07-21 00:00:00 , 23  , 694
2021-07-22 00:00:00 , 26  , 1280
2021-08-02 00:00:00 , 29  , 2214
2021-08-05 00:00:00 , 54  , 6743
2021-08-18 00:00:00 , 67  , 7336
2021-08-31 00:00:00 , 69  , 7981
2021-09-05 00:00:00 , 73  , 8699
2021-10-01 00:00:00 , 87  , 11330
2021-10-05 00:00:00 , 87  , 11424
2021-10-11 00:00:00 , 87  , 11473
2021-11-30 00:00:00 , 110 , 14630
2021-12-02 00:00:00 , 110 , 15031
2021-12-07 15:05:21 , 110 , 14634
2021-12-07 15:43:40 , 110 , 14634
2021-12-07 15:44:41 , 110 , 14634
2021-12-07 15:45:30 , 110 , 14634
2021-12-07 15:46:39 , 110 , 14634
2021-12-07 15:46:52 , 110 , 14634
2021-12-07 15:47:13 , 110 , 14634
2021-12-07 15:47:26 , 110 , 14634
2021-12-07 15:47:56 , 110 , 14634
2021-12-07 15:48:33 , 110 , 14634
2021-12-07 15:57:11 , 110 , 14634
2021-12-07 15:58:21 , 110 , 14634
2021-12-07 15:59:05 , 110 , 14634
2021-12-07 16:00:03 , 110 , 14634
2021-12-07 16:03:04 , 110 , 14634
2021-12-07 16:10:29 , 110 , 14634
2021-12-07 16:11:07 , 110 , 14634
2021-12-07 16:13:08 , 110 , 14634
2021-12-07 16:27:15 , 110 , 14692
2021-12-07 16:40:55 , 110 , 14692
2021-12-07 16:41:19 , 110 , 14692
2021-12-07 16:41:49 , 110 , 14692
2021-12-07 16:44:58 , 110 , 14692
2021-12-07 16:52:04 , 110 , 14725
2021-12-07 17:21:18 , 110 , 14811
2021-12-07 17:34:03 , 110 , 14842
2021-12-07 18:06:57 , 110 , 14944
2021-12-07 19:25:57 , 112 , 15090
2021-12-07 19:40:33 , 110 , 15262
2021-12-07 19:49:50 , 110 , 15298
2021-12-09 16:41:55 , 110 , 15335
2021-12-10 17:05:29 , 112 , 15305
2021-12-10 17:07:08 , 112 , 15305
2021-12-10 17:07:49 , 112 , 15305
2021-12-10 17:08:14 , 112 , 15305
2021-12-10 17:28:59 , 112 , 15523
2021-12-11 02:49:17 , 112 , 15523
2021-12-13 17:20:10 , 116 , 15601
2021-12-13 20:05:03 , 116 , 15794
2021-12-13 20:52:34 , 116 , 15846
2021-12-13 20:53:21 , 116 , 15846
2021-12-13 21:06:20 , 116 , 15846
2021-12-13 21:07:04 , 116 , 15846
2021-12-13 21:07:29 , 116 , 15846
2021-12-13 21:07:55 , 116 , 15846
2021-12-13 21:08:18 , 116 , 15846
2021-12-13 21:08:26 , 116 , 15846
2021-12-13 21:09:26 , 116 , 15846
2021-12-13 21:10:23 , 116 , 15846
2021-12-13 21:11:14 , 116 , 15846
2021-12-13 21:38:24 , 116 , 16055
2021-12-14 08:41:41 , 116 , 16055
2021-12-14 08:41:58 , 116 , 16055
2021-12-14 08:42:11 , 116 , 16055
2021-12-14 08:42:48 , 116 , 16055
2021-12-15 01:15:01 , 118 , 16055
2021-12-17 15:47:22 , 120 , 16158
2021-12-17 17:15:02 , 125 , 16158
2021-12-17 17:17:40 , 122 , 16158
2021-12-17 18:35:37 , 122 , 16345
2021-12-17 18:52:34 , 122 , 16564
2021-12-17 19:11:32 , 122 , 16564
2021-12-22 18:38:20 , 126 , 16586
2021-12-22 18:39:49 , 126 , 16586
2021-12-27 14:31:18 , 128 , 16888
2021-12-27 15:24:17 , 128 , 17183
2021-12-27 15:57:39 , 129 , 17468
2021-12-27 16:24:17 , 131 , 17693
2021-12-29 14:26:39 , 131 , 18035
2021-12-29 14:29:02 , 131 , 18035
2021-12-29 14:29:26 , 131 , 18035
2021-12-29 14:30:50 , 131 , 18035
2021-12-29 14:31:15 , 131 , 18035
2021-12-29 14:32:35 , 131 , 18035
2021-12-29 14:33:03 , 131 , 18035
2021-12-29 14:33:26 , 131 , 18035
2021-12-29 14:33:36 , 131 , 18035
2021-12-29 14:35:58 , 131 , 18035
2021-12-29 14:36:39 , 131 , 18035
2021-12-29 14:38:14 , 131 , 18035
2021-12-29 16:54:01 , 131 , 18260
2022-01-01 13:27:30 , 131 , 18482
2022-01-01 14:55:15 , 133 , 18629
2022-01-01 14:55:27 , 133 , 18629
2022-01-01 15:20:20 , 133 , 18635
2022-01-01 15:20:33 , 133 , 18635
2022-01-01 17:41:02 , 133 , 19113
2022-01-02 18:30:56 , 136 , 19122
2022-01-02 18:41:29 , 136 , 19122
2022-01-03 01:01:15 , 136 , 19124
2022-01-04 19:10:32 , 141 , 19903
2022-01-05 12:53:21 , 141 , 19903
2022-01-06 17:02:45 , 145 , 21009
2022-01-06 17:32:28 , 145 , 21236
2022-01-07 16:53:05 , 147 , 21725
2022-01-07 17:36:08 , 147 , 21798
2022-01-11 14:42:08 , 150 , 21854
2022-01-13 02:37:09 , 150 , 22339
2022-01-13 03:01:37 , 150 , 22343
2022-01-14 18:48:41 , 150 , 22572
2022-01-14 18:53:12 , 150 , 22572
2022-01-14 18:53:20 , 150 , 22572
2022-01-14 18:53:35 , 150 , 22572
2022-01-14 18:53:37 , 150 , 22572
2022-01-16 16:09:28 , 150 , 22578
2022-01-16 16:09:30 , 150 , 22578
2022-01-16 16:10:12 , 150 , 22591
2022-01-16 16:10:14 , 150 , 22591
2022-01-16 16:10:31 , 150 , 22568
2022-01-16 16:11:57 , 150 , 22574
2022-01-16 16:12:22 , 150 , 22582
2022-01-16 16:12:24 , 150 , 22582
2022-01-16 16:13:53 , 150 , 22603
2022-01-16 16:13:55 , 150 , 22603
2022-01-16 16:14:34 , 150 , 22601
2022-01-16 16:16:21 , 150 , 22592
2022-01-16 16:16:22 , 150 , 22592
2022-01-16 16:17:10 , 150 , 22591
2022-01-16 16:17:16 , 150 , 22591
2022-01-16 16:17:18 , 150 , 22591
2022-01-16 16:18:29 , 150 , 22592
2022-01-16 16:18:46 , 150 , 22586
2022-01-16 16:25:56 , 150 , 22602
2022-01-16 16:25:58 , 150 , 22602
2022-01-16 16:28:15 , 152 , 22638
2022-01-16 16:30:46 , 152 , 22647
2022-01-16 16:31:05 , 152 , 22647
2022-01-16 16:31:19 , 152 , 22648
2022-01-16 16:31:21 , 152 , 22648
2022-01-16 16:32:26 , 152 , 22665
2022-01-16 16:32:28 , 152 , 22665
2022-01-16 16:33:15 , 152 , 22682
2022-01-16 16:33:17 , 152 , 22682
2022-01-16 16:34:03 , 152 , 22689
2022-01-16 16:34:11 , 152 , 22689
2022-01-16 16:34:13 , 152 , 22689
2022-01-16 16:34:21 , 152 , 22690
2022-01-16 16:34:23 , 152 , 22690
2022-01-16 16:52:43 , 152 , 22690
2022-01-16 16:52:50 , 152 , 22690
2022-01-16 16:52:52 , 152 , 22690
2022-01-16 16:55:06 , 150 , 22700
2022-01-16 16:55:48 , 150 , 22702
2022-01-16 16:56:09 , 150 , 22714
2022-01-16 16:56:41 , 150 , 22715
2022-01-16 16:57:24 , 150 , 22715
2022-01-16 16:57:26 , 150 , 22715
2022-01-16 16:58:01 , 150 , 22718
2022-01-16 16:58:46 , 150 , 22732
2022-01-16 17:02:19 , 150 , 22733
2022-01-16 17:03:40 , 150 , 22742
2022-01-16 17:03:42 , 150 , 22742
2022-01-16 17:11:59 , 152 , 22753
2022-01-16 17:12:14 , 152 , 22753
2022-01-16 17:12:16 , 152 , 22753
2022-01-16 17:13:25 , 152 , 22753
2022-01-16 17:13:27 , 152 , 22753
2022-01-16 17:14:05 , 152 , 22753
2022-01-16 17:14:07 , 152 , 22753
2022-01-16 17:16:01 , 152 , 22753
2022-01-16 17:16:09 , 152 , 22753
2022-01-16 17:16:26 , 152 , 22753
2022-01-16 17:16:28 , 152 , 22753
2022-01-16 17:20:53 , 152 , 22769
2022-01-16 17:20:55 , 152 , 22769
2022-01-16 17:21:10 , 152 , 22769
2022-01-16 17:21:44 , 152 , 22767
2022-01-16 17:21:46 , 152 , 22767
2022-01-16 17:22:35 , 152 , 22784
2022-01-16 17:22:37 , 152 , 22784
2022-01-16 17:23:56 , 152 , 22788
2022-01-16 17:23:59 , 152 , 22788
2022-01-16 17:24:47 , 152 , 22799
2022-01-16 17:24:49 , 152 , 22799
2022-01-16 17:25:31 , 152 , 22800
2022-01-16 17:25:33 , 152 , 22800
2022-01-16 17:29:33 , 152 , 22804
2022-01-16 17:29:35 , 152 , 22804
2022-01-16 17:31:30 , 152 , 22805
2022-01-16 17:31:32 , 152 , 22805
2022-01-16 17:32:03 , 152 , 22806
2022-01-16 17:32:05 , 152 , 22806
2022-01-16 17:33:03 , 152 , 22807
2022-01-16 17:33:05 , 152 , 22807
2022-01-16 17:33:40 , 152 , 22809
2022-01-16 17:33:42 , 152 , 22809
2022-01-16 17:36:04 , 152 , 22821
2022-01-16 17:36:56 , 152 , 22810
2022-01-16 17:36:58 , 152 , 22810
2022-01-16 17:40:17 , 152 , 22818
2022-01-16 17:40:19 , 152 , 22818
2022-01-16 17:40:24 , 152 , 22818
2022-01-16 17:40:26 , 152 , 22818
2022-01-16 17:40:46 , 152 , 22820
2022-01-16 17:40:48 , 152 , 22820
2022-01-16 17:43:31 , 152 , 22828
2022-01-16 17:43:33 , 152 , 22828
2022-01-16 17:45:40 , 152 , 22842
2022-01-16 17:45:42 , 152 , 22842
2022-01-16 17:47:04 , 152 , 22835
2022-01-16 17:47:06 , 152 , 22835
2022-01-16 17:50:50 , 152 , 22864
2022-01-16 17:50:52 , 152 , 22864
2022-01-16 17:52:07 , 152 , 22870
2022-01-16 17:53:51 , 152 , 22874
2022-01-16 17:53:59 , 152 , 22885
2022-01-16 17:54:01 , 152 , 22885
2022-01-16 18:00:24 , 152 , 22922
2022-01-16 18:00:26 , 152 , 22922
2022-01-16 18:02:03 , 152 , 22925
2022-01-16 18:02:05 , 152 , 22925
2022-01-16 18:04:13 , 152 , 22932
2022-01-16 18:04:15 , 152 , 22932
2022-01-16 18:04:30 , 152 , 22934
2022-01-16 18:04:32 , 152 , 22934
2022-01-16 18:05:36 , 152 , 22945
2022-01-16 18:05:38 , 152 , 22945
2022-01-16 18:05:55 , 152 , 22951
2022-01-16 18:05:56 , 152 , 22951
2022-01-16 18:06:08 , 152 , 22951
2022-01-16 18:06:09 , 152 , 22951
2022-01-16 18:08:09 , 152 , 22960
2022-01-16 18:08:11 , 152 , 22960
2022-01-16 18:08:46 , 152 , 22973
2022-01-16 18:08:48 , 152 , 22973
2022-01-16 18:09:50 , 152 , 22985
2022-01-16 18:09:53 , 152 , 22985
2022-01-16 18:13:33 , 152 , 22985
2022-01-16 18:13:35 , 152 , 22985
2022-01-16 18:14:24 , 152 , 22985
2022-01-16 18:14:26 , 152 , 22985
2022-01-16 18:15:37 , 152 , 22986
2022-01-16 18:15:39 , 152 , 22986
2022-01-16 18:17:37 , 152 , 23017
2022-01-16 18:17:39 , 152 , 23017
2022-01-16 18:18:25 , 152 , 23020
2022-01-16 18:18:27 , 152 , 23020
2022-01-16 18:27:31 , 152 , 23029
2022-01-16 18:27:33 , 152 , 23029
2022-01-16 18:29:05 , 152 , 23029
2022-01-16 18:29:07 , 152 , 23029
2022-01-16 18:30:15 , 152 , 23040
2022-01-16 18:30:17 , 152 , 23040
2022-01-16 18:30:38 , 152 , 23047
2022-01-16 18:30:40 , 152 , 23047
2022-01-16 18:37:36 , 152 , 23077
2022-01-16 18:37:38 , 152 , 23077
2022-01-16 18:38:21 , 152 , 23087
2022-01-16 18:38:23 , 152 , 23087
2022-01-16 18:40:19 , 152 , 23110
2022-01-16 18:40:56 , 152 , 23120
2022-01-16 18:40:58 , 152 , 23120
2022-01-16 18:43:33 , 152 , 23127
2022-01-16 18:43:35 , 152 , 23127
2022-01-16 18:50:19 , 152 , 23181
2022-01-16 18:50:21 , 152 , 23181
2022-01-16 19:03:26 , 152 , 23231
2022-01-16 19:03:28 , 152 , 23231
2022-01-16 19:04:16 , 152 , 23234
2022-01-16 19:04:34 , 152 , 23234
2022-01-16 19:04:36 , 152 , 23234
2022-01-16 19:05:18 , 152 , 23235
2022-01-16 19:05:20 , 152 , 23235
2022-01-16 19:06:29 , 152 , 23238
2022-01-17 15:06:37 , 152 , 23237
2022-01-17 15:06:40 , 152 , 23237
2022-01-17 15:16:44 , 152 , 23238
2022-01-17 15:16:46 , 152 , 23238
2022-01-17 15:16:53 , 152 , 23238
2022-01-17 15:16:55 , 152 , 23238
2022-01-17 15:19:26 , 152 , 23238
2022-01-17 15:20:11 , 152 , 23239
2022-01-17 15:20:24 , 152 , 23239
2022-01-17 15:21:27 , 152 , 23249
2022-01-17 15:21:29 , 152 , 23249
2022-01-17 15:30:55 , 152 , 23247
2022-01-17 15:33:12 , 152 , 23275
2022-01-17 15:37:54 , 154 , 23338
2022-01-17 15:41:30 , 154 , 23366
2022-01-17 15:41:32 , 154 , 23366
2022-01-17 15:42:04 , 154 , 23366
2022-01-17 15:42:06 , 154 , 23366
2022-01-17 15:48:23 , 154 , 23356
2022-01-17 15:48:33 , 154 , 23358
2022-01-17 15:51:12 , 154 , 23356
2022-01-17 15:53:04 , 154 , 23365
2022-01-17 15:53:38 , 154 , 23380
2022-01-17 15:54:06 , 152 , 23394
2022-01-17 15:54:08 , 152 , 23394
2022-01-17 15:54:16 , 152 , 23398
2022-01-17 15:54:18 , 152 , 23398
2022-01-17 15:55:44 , 152 , 23403
2022-01-17 15:56:10 , 152 , 23403
2022-01-17 15:56:12 , 152 , 23403
2022-01-17 15:58:14 , 152 , 23415
2022-01-17 15:58:16 , 152 , 23415
2022-01-17 16:08:34 , 152 , 23437
2022-01-17 16:08:36 , 152 , 23437
2022-01-17 16:09:57 , 152 , 23442
2022-01-17 16:10:42 , 152 , 23442
2022-01-17 16:10:44 , 152 , 23442
2022-01-17 16:12:17 , 152 , 23458
2022-01-17 16:13:34 , 152 , 23504
2022-01-17 16:14:39 , 152 , 23504
2022-01-17 16:16:40 , 152 , 23516
2022-01-17 16:16:42 , 152 , 23516
2022-01-17 16:17:02 , 152 , 23524
2022-01-17 16:24:08 , 152 , 23524
2022-01-17 16:24:16 , 152 , 23524
2022-01-17 16:24:18 , 152 , 23524
2022-01-17 16:27:40 , 152 , 23528
2022-01-17 16:28:49 , 152 , 23533
2022-01-17 16:30:11 , 152 , 23554
2022-01-17 16:33:19 , 152 , 23555
2022-01-17 16:33:21 , 152 , 23555
2022-01-17 16:34:36 , 152 , 23560
2022-01-17 16:35:53 , 152 , 23570
2022-01-17 16:36:32 , 152 , 23570
2022-01-17 16:36:34 , 152 , 23570
2022-01-17 16:36:55 , 152 , 23570
2022-01-18 13:41:16 , 152 , 23591
2022-01-18 13:41:18 , 152 , 23591
2022-01-18 13:42:24 , 152 , 23591
2022-01-18 13:42:57 , 152 , 23609
2022-01-18 13:43:51 , 152 , 23618
2022-01-18 13:44:06 , 152 , 23621
2022-01-18 13:44:08 , 152 , 23621
2022-01-18 13:44:42 , 152 , 23621
2022-01-18 13:45:05 , 152 , 23621
2022-01-18 13:45:07 , 152 , 23621
2022-01-18 13:45:36 , 152 , 23621
2022-01-18 13:45:51 , 152 , 23622
2022-01-18 13:45:53 , 152 , 23622
2022-01-18 13:46:36 , 152 , 23633
2022-01-18 13:46:38 , 152 , 23633
2022-01-18 13:47:29 , 152 , 23633
2022-01-18 13:47:31 , 152 , 23633
2022-01-18 13:47:42 , 152 , 23633
2022-01-18 13:47:44 , 152 , 23633
2022-01-18 13:48:34 , 152 , 23642
2022-01-18 13:50:41 , 152 , 23660
2022-01-18 13:50:43 , 152 , 23660
2022-01-18 13:51:10 , 152 , 23660
2022-01-18 13:51:12 , 152 , 23660
2022-01-18 13:52:26 , 152 , 23658
2022-01-18 13:52:28 , 152 , 23658
2022-01-18 13:52:51 , 152 , 23659
2022-01-18 13:53:16 , 152 , 23668
2022-01-18 13:53:29 , 152 , 23668
2022-01-18 13:53:31 , 152 , 23668
2022-01-18 13:53:46 , 152 , 23668
2022-01-18 14:01:55 , 152 , 23668
2022-01-18 14:02:40 , 152 , 23668
2022-01-18 14:02:42 , 152 , 23668
2022-01-18 14:02:54 , 152 , 23668
2022-01-18 14:02:56 , 152 , 23668
2022-01-18 14:04:13 , 152 , 23668
2022-01-18 14:04:15 , 152 , 23668
2022-01-18 14:05:19 , 152 , 23668
2022-01-18 14:06:18 , 152 , 23668
2022-01-18 14:06:20 , 152 , 23668
2022-01-18 14:06:58 , 152 , 23668
2022-01-18 14:08:07 , 152 , 23668
2022-01-18 14:10:16 , 152 , 23668
2022-01-18 14:10:18 , 152 , 23668
2022-01-18 14:10:37 , 152 , 23668
2022-01-18 14:10:58 , 152 , 23668
2022-01-18 14:11:06 , 152 , 23668
2022-01-18 14:11:08 , 152 , 23668
2022-01-18 14:11:29 , 152 , 23668
2022-01-18 14:11:31 , 152 , 23668
2022-01-18 14:45:11 , 152 , 23700
2022-01-18 14:48:15 , 152 , 23706
2022-01-18 14:48:17 , 152 , 23706
2022-01-18 14:50:09 , 152 , 23729
2022-01-18 14:50:31 , 152 , 23730
2022-01-18 14:50:34 , 152 , 23730
2022-01-18 14:51:10 , 152 , 23730
2022-01-18 14:51:59 , 152 , 23723
2022-01-18 14:52:48 , 152 , 23684
2022-01-18 14:53:38 , 152 , 23692
2022-01-18 14:56:38 , 152 , 23692
2022-01-18 14:59:48 , 152 , 23715
2022-01-18 14:59:50 , 152 , 23715
2022-01-18 15:02:14 , 152 , 23731
2022-01-18 15:12:29 , 152 , 23734
2022-01-18 15:13:42 , 152 , 23734
2022-01-18 15:14:05 , 152 , 23734
2022-01-18 15:15:33 , 152 , 23734
2022-01-18 15:16:09 , 152 , 23734
2022-01-18 15:16:11 , 152 , 23734
2022-01-18 15:18:26 , 152 , 23734
2022-01-18 15:19:16 , 152 , 23734
2022-01-18 15:19:26 , 152 , 23734
2022-01-18 15:19:28 , 152 , 23734
2022-01-18 15:22:39 , 152 , 23734
2022-01-18 15:25:59 , 152 , 23734
2022-01-18 15:27:43 , 152 , 23734
2022-01-18 15:28:31 , 152 , 23734
2022-01-18 15:28:59 , 152 , 23734
2022-01-18 15:29:01 , 152 , 23734
2022-01-18 15:31:32 , 152 , 23734
2022-01-18 15:31:34 , 152 , 23734
2022-01-18 15:32:42 , 152 , 23740
2022-01-18 15:33:58 , 152 , 23742
2022-01-18 15:34:29 , 152 , 23746
2022-01-18 15:34:31 , 152 , 23746
2022-01-18 15:37:35 , 152 , 23746
2022-01-18 15:45:35 , 152 , 23743
2022-01-18 15:46:10 , 152 , 23754
2022-01-18 15:50:11 , 154 , 23757
2022-01-18 15:50:57 , 154 , 23767
2022-01-18 15:50:59 , 154 , 23767
2022-01-18 15:52:24 , 154 , 23776
2022-01-18 15:52:26 , 154 , 23776
2022-01-18 15:58:04 , 154 , 23790
2022-01-18 15:58:06 , 154 , 23790
2022-01-18 15:58:43 , 154 , 23790
2022-01-18 16:03:18 , 154 , 23798
2022-01-18 16:03:20 , 154 , 23798
2022-01-18 16:05:12 , 154 , 23797
2022-01-18 16:05:37 , 154 , 23794
2022-01-18 16:05:39 , 154 , 23794
2022-01-18 16:06:03 , 154 , 23794
2022-01-18 16:06:20 , 154 , 23794
2022-01-18 16:06:28 , 154 , 23794
2022-01-18 16:06:30 , 154 , 23794
2022-01-18 16:06:50 , 154 , 23794
2022-01-18 17:58:37 , 154 , 23799
2022-01-18 17:59:11 , 154 , 23799
2022-01-18 18:00:18 , 154 , 23799
2022-01-18 18:01:29 , 154 , 23799
2022-01-18 18:02:10 , 154 , 23799
2022-01-18 18:04:32 , 154 , 23799
2022-01-18 18:04:34 , 154 , 23799
2022-01-18 18:05:28 , 154 , 23799
2022-01-18 18:05:58 , 154 , 23799
2022-01-18 18:06:58 , 154 , 23799
2022-01-18 18:08:00 , 154 , 23799
2022-01-18 18:08:01 , 154 , 23799
2022-01-18 18:08:30 , 154 , 23799
2022-01-18 18:10:18 , 154 , 23799
2022-01-18 18:10:20 , 154 , 23799
2022-01-18 18:10:37 , 154 , 23799
2022-01-18 18:11:03 , 154 , 23799
2022-01-18 18:24:29 , 154 , 23821
2022-01-18 18:24:32 , 154 , 23821
2022-01-18 18:24:54 , 154 , 23826
2022-01-18 18:25:08 , 154 , 23827
2022-01-18 18:25:21 , 154 , 23827
2022-01-18 18:25:23 , 154 , 23827
2022-01-18 18:28:59 , 154 , 23827
2022-01-18 18:29:01 , 154 , 23827
2022-01-18 18:29:50 , 154 , 23826
2022-01-18 18:30:04 , 154 , 23826
2022-01-18 18:30:06 , 154 , 23826
2022-01-18 18:31:16 , 154 , 23824
2022-01-18 18:34:33 , 154 , 23824
2022-01-18 18:34:56 , 154 , 23824
2022-01-18 18:39:56 , 154 , 23824
2022-01-18 18:59:08 , 154 , 23824
2022-01-19 18:49:11 , 154 , 23824
2022-01-19 18:49:16 , 154 , 23824
2022-01-19 18:49:19 , 154 , 23824
2022-01-20 01:54:28 , 154 , 23824
2022-01-20 01:55:14 , 154 , 23824
2022-01-20 01:55:16 , 154 , 23824
2022-01-20 02:08:32 , 154 , 23824
2022-01-20 02:13:41 , 154 , 23824
2022-01-20 02:13:59 , 154 , 23824
2022-01-20 02:14:01 , 154 , 23824
2022-01-20 02:27:18 , 154 , 23824
2022-01-20 15:20:17 , 154 , 23824
2022-01-20 15:27:16 , 154 , 23824
2022-01-20 15:31:11 , 154 , 23824
2022-01-20 15:35:43 , 154 , 23844
2022-01-20 15:35:45 , 154 , 23844
2022-01-20 15:36:42 , 154 , 23848
2022-01-20 15:36:44 , 154 , 23848
2022-01-20 15:36:59 , 154 , 23851
2022-01-20 15:37:34 , 154 , 23848
2022-01-20 15:38:12 , 154 , 23850
2022-01-20 15:39:39 , 154 , 23867
2022-01-20 15:40:09 , 154 , 23867
2022-01-20 15:40:11 , 154 , 23867
2022-01-20 15:41:20 , 154 , 23867
2022-01-20 15:41:22 , 154 , 23867
2022-01-20 15:42:29 , 154 , 23868
2022-01-20 16:24:35 , 154 , 23873
2022-01-20 16:24:37 , 154 , 23873
2022-01-20 16:25:57 , 154 , 23873
2022-01-20 16:25:59 , 154 , 23873
2022-01-20 16:26:04 , 154 , 23873
2022-01-21 15:20:18 , 154 , 23873
2022-01-23 17:31:53 , 156 , 23873
2022-01-23 17:32:28 , 156 , 23873
2022-01-23 17:33:55 , 156 , 23873
2022-01-23 17:34:25 , 155 , 23873
2022-01-23 17:35:00 , 155 , 23873
2022-01-23 17:39:34 , 155 , 23873
2022-01-23 17:39:59 , 155 , 23873
2022-01-23 17:40:41 , 155 , 23873
2022-01-23 17:41:02 , 155 , 23873
2022-01-23 17:41:40 , 155 , 23873
2022-01-23 17:42:21 , 156 , 23873
2022-01-23 17:43:39 , 155 , 23873
2022-01-23 17:45:50 , 158 , 23873
2022-01-23 17:46:37 , 158 , 23873
2022-01-23 17:47:41 , 156 , 23873
2022-01-23 17:48:59 , 156 , 23873
2022-01-23 17:49:23 , 157 , 23873
2022-01-23 17:49:25 , 157 , 23873
2022-01-23 17:50:03 , 157 , 23873
2022-01-23 17:51:12 , 157 , 23873
2022-01-23 17:51:14 , 157 , 23873
2022-01-23 17:51:19 , 157 , 23873
2022-01-23 17:51:42 , 157 , 23873
2022-01-23 17:51:53 , 157 , 23873
2022-01-26 15:25:10 , 157 , 23873
2022-01-26 15:25:24 , 157 , 23873
2022-01-26 15:25:26 , 157 , 23873
2022-01-26 15:27:43 , 157 , 23859
2022-01-26 15:29:43 , 157 , 23866
2022-01-26 15:32:20 , 157 , 23867
2022-01-26 15:32:22 , 157 , 23867
2022-01-26 15:34:45 , 157 , 23893
2022-01-26 15:34:47 , 157 , 23893
2022-01-26 15:55:43 , 157 , 23900
2022-01-26 16:03:40 , 157 , 23900
2022-01-26 16:16:49 , 157 , 23900
2022-01-26 16:19:17 , 157 , 23900
2022-01-26 16:22:25 , 157 , 23901
2022-01-26 16:23:25 , 157 , 23901
2022-01-26 16:24:40 , 156 , 23901
2022-01-26 16:24:42 , 156 , 23901
2022-01-26 16:27:40 , 156 , 23915
2022-01-26 16:28:15 , 156 , 23946
2022-01-26 16:28:17 , 156 , 23946
2022-01-26 16:29:03 , 156 , 23969
2022-01-26 16:29:37 , 156 , 23969
2022-01-26 16:30:09 , 156 , 23978
2022-01-26 16:30:50 , 156 , 23978
2022-01-26 16:31:53 , 156 , 23976
2022-01-26 16:33:13 , 156 , 23988
2022-01-26 16:47:31 , 156 , 24002
2022-01-26 16:48:14 , 156 , 24005
2022-01-26 16:49:26 , 156 , 24012
2022-01-26 16:50:34 , 156 , 24020
2022-01-26 16:54:09 , 156 , 24045
2022-01-26 16:56:05 , 156 , 24045
2022-01-26 16:59:14 , 156 , 24068
2022-01-26 16:59:16 , 156 , 24068
2022-01-26 17:02:44 , 156 , 24106
2022-01-26 17:03:21 , 156 , 24108
2022-01-26 17:05:53 , 156 , 24125
2022-01-26 17:06:19 , 156 , 24137
2022-01-26 17:21:23 , 156 , 24128
2022-01-26 17:26:22 , 156 , 24135
2022-01-26 17:28:52 , 156 , 24135
2022-01-26 17:29:30 , 156 , 24135
2022-01-26 17:33:40 , 156 , 24178
2022-01-26 17:39:00 , 156 , 24219
2022-01-26 17:39:56 , 156 , 24231
2022-01-26 17:39:58 , 156 , 24231
2022-01-26 17:40:30 , 156 , 24232
2022-01-26 17:40:56 , 156 , 24225
2022-01-26 17:41:42 , 156 , 24235
2022-01-26 17:41:52 , 156 , 24235
2022-01-26 17:42:16 , 156 , 24235
2022-01-26 17:42:34 , 156 , 24235
2022-01-26 17:43:58 , 156 , 24246
2022-01-26 17:59:36 , 156 , 24259
2022-01-26 17:59:38 , 156 , 24259
2022-01-26 18:02:42 , 156 , 24258
2022-01-26 18:03:33 , 156 , 24263
2022-01-26 18:04:01 , 156 , 24271
2022-01-26 18:05:58 , 156 , 24277
2022-01-26 18:32:06 , 156 , 24282
2022-01-26 18:33:49 , 156 , 24294
2022-01-26 18:34:59 , 156 , 24294
2022-01-27 13:57:57 , 156 , 24302
2022-01-27 13:58:20 , 156 , 24302
2022-01-27 13:58:54 , 156 , 24302
2022-01-27 13:59:21 , 156 , 24304
2022-01-27 14:01:44 , 156 , 24315
2022-01-27 14:03:26 , 158 , 24335
2022-01-27 14:44:23 , 158 , 24335
2022-01-27 14:46:03 , 158 , 24338
2022-01-27 14:46:05 , 158 , 24338
2022-01-27 14:58:14 , 158 , 24378
2022-01-27 15:48:23 , 158 , 24397
2022-01-27 15:48:25 , 158 , 24397
2022-01-27 16:15:12 , 158 , 24464
2022-01-27 16:19:58 , 158 , 24471
2022-01-27 16:23:26 , 158 , 24516
2022-01-27 16:24:28 , 158 , 24517
2022-01-27 16:24:30 , 158 , 24517
2022-01-27 16:25:26 , 158 , 24526
2022-01-27 16:25:29 , 158 , 24526
2022-01-27 16:26:35 , 158 , 24526
2022-01-27 16:31:01 , 158 , 24543
2022-01-27 16:32:29 , 158 , 24544
2022-01-27 16:32:48 , 158 , 24544
2022-01-27 16:33:21 , 158 , 24550
2022-01-27 16:44:08 , 158 , 24559
2022-01-27 16:46:30 , 158 , 24597
2022-01-27 16:47:35 , 158 , 24609
2022-01-27 16:47:44 , 158 , 24609
2022-01-27 16:48:01 , 158 , 24613
2022-01-27 17:05:26 , 158 , 24665
2022-01-27 17:05:28 , 158 , 24665
2022-01-27 17:07:10 , 158 , 24697
2022-01-27 17:09:06 , 158 , 24756
2022-01-27 17:09:33 , 158 , 24772
2022-01-27 17:09:35 , 158 , 24772
2022-01-27 17:10:54 , 158 , 24772
2022-01-27 17:11:28 , 158 , 24772
2022-01-27 17:12:24 , 158 , 24782
2022-01-27 17:12:26 , 158 , 24782
2022-01-27 17:12:53 , 158 , 24782
2022-01-27 17:25:36 , 158 , 24815
2022-01-27 17:26:37 , 158 , 24820
2022-01-27 17:26:39 , 158 , 24820
2022-01-27 17:27:44 , 158 , 24839
2022-01-27 17:27:47 , 158 , 24839
2022-01-27 17:40:00 , 158 , 24849
2022-01-27 17:40:43 , 158 , 24867
2022-01-27 17:40:45 , 158 , 24867
2022-01-27 17:44:11 , 158 , 24867
2022-01-27 17:44:13 , 158 , 24867
2022-01-27 17:44:23 , 158 , 24867
2022-01-28 14:36:51 , 158 , 24870
2022-01-28 14:37:04 , 158 , 24870
2022-01-28 14:39:13 , 158 , 24870
2022-01-28 15:03:03 , 158 , 24870
2022-01-28 15:04:45 , 158 , 24870
2022-01-28 15:05:42 , 158 , 24870
2022-01-28 15:06:09 , 158 , 24870
2022-01-28 15:06:25 , 158 , 24870
2022-01-28 16:40:40 , 158 , 24888
2022-01-28 16:40:49 , 158 , 24889
2022-01-28 16:43:54 , 158 , 24889
2022-01-28 16:45:47 , 158 , 24889
2022-01-28 16:46:28 , 158 , 24889
2022-01-28 16:47:18 , 158 , 24889
2022-01-28 16:48:40 , 154 , 24889
2022-01-28 16:49:29 , 156 , 24889
2022-01-28 16:51:02 , 156 , 24889
2022-01-28 16:51:42 , 156 , 24889
2022-01-28 16:52:09 , 156 , 24889
2022-01-28 16:53:40 , 156 , 24904
2022-01-28 16:53:42 , 156 , 24904
2022-01-28 17:46:34 , 156 , 24939
2022-01-28 17:47:14 , 156 , 24961
2022-01-28 17:47:16 , 156 , 24961
2022-01-28 19:24:17 , 156 , 24986
2022-01-28 19:24:53 , 158 , 24994
2022-01-28 19:26:31 , 158 , 25037
2022-01-28 19:27:50 , 158 , 25045
2022-01-28 19:29:01 , 156 , 25046
2022-02-03 19:43:17 , 156 , 25046
2022-02-14 14:21:43 , 156 , 25046
2022-02-14 14:21:45 , 156 , 25046
2022-02-14 14:50:07 , 156 , 25046
2022-02-14 14:50:09 , 156 , 25046
2022-02-14 14:51:50 , 156 , 25061
2022-02-14 14:52:21 , 156 , 25072
2022-02-14 14:52:23 , 156 , 25072
2022-02-14 14:56:08 , 156 , 25087
2022-02-14 14:59:04 , 156 , 25115
2022-02-14 14:59:30 , 156 , 25115
2022-02-14 15:01:19 , 156 , 25146
2022-02-14 15:01:22 , 156 , 25146
2022-02-14 15:03:31 , 156 , 25157
2022-02-14 15:03:34 , 156 , 25157
2022-02-14 15:06:55 , 156 , 25157
2022-02-14 15:08:40 , 156 , 25170
2022-02-14 15:13:08 , 156 , 25173
2022-02-14 15:13:53 , 156 , 25176
2022-02-14 15:13:55 , 156 , 25176
2022-02-14 15:14:21 , 156 , 25176
2022-02-14 15:15:31 , 156 , 25222
2022-02-14 15:15:33 , 156 , 25222
2022-02-14 15:16:09 , 156 , 25222
2022-02-14 15:17:18 , 156 , 25226
2022-02-14 15:19:00 , 156 , 25227
2022-02-14 15:20:00 , 156 , 25228
2022-02-14 15:20:02 , 156 , 25228
2022-02-14 15:20:20 , 156 , 25228
2022-02-14 15:21:53 , 156 , 25225
2022-02-14 15:22:07 , 156 , 25225
2022-02-14 15:22:09 , 156 , 25225
2022-02-14 15:32:52 , 156 , 25257
2022-02-14 15:33:53 , 156 , 25280
2022-02-14 15:33:55 , 156 , 25280
2022-02-14 15:34:13 , 156 , 25280
2022-02-14 15:49:13 , 156 , 25287
2022-02-14 15:49:48 , 156 , 25288
2022-02-14 15:50:07 , 156 , 25289
2022-02-14 15:50:09 , 156 , 25289
2022-02-14 15:51:43 , 156 , 25280
2022-02-14 15:52:24 , 156 , 25286
2022-02-14 15:52:26 , 156 , 25286
2022-02-14 15:57:17 , 156 , 25303
2022-02-14 15:58:01 , 156 , 25312
2022-02-14 15:58:53 , 156 , 25309
2022-02-14 16:00:09 , 156 , 25330
2022-02-14 16:00:11 , 156 , 25330
2022-02-14 16:00:55 , 156 , 25344
2022-02-14 16:33:28 , 156 , 25348
2022-02-14 16:33:30 , 156 , 25348
2022-02-14 16:34:16 , 156 , 25356
2022-02-14 16:34:18 , 156 , 25356
2022-02-14 16:36:35 , 156 , 25370
2022-02-14 16:37:07 , 156 , 25382
2022-02-14 16:37:09 , 156 , 25382
2022-02-14 16:39:25 , 156 , 25412
2022-02-14 16:41:10 , 158 , 25421
2022-02-14 16:43:02 , 158 , 25416
2022-02-14 16:43:04 , 158 , 25416
2022-02-14 17:37:55 , 158 , 25450
2022-02-15 13:37:34 , 158 , 25450
2022-02-15 13:40:59 , 156 , 25372
2022-02-15 13:42:18 , 156 , 25384
2022-02-15 13:44:48 , 156 , 25392
2022-02-15 13:46:13 , 156 , 25411
2022-02-15 13:46:49 , 156 , 25403
2022-02-15 13:46:51 , 156 , 25403
2022-02-15 13:50:15 , 158 , 25464
2022-02-15 13:52:57 , 158 , 25459
2022-02-15 14:45:41 , 158 , 25471
2022-02-15 14:48:10 , 158 , 25490
2022-02-15 15:02:34 , 158 , 25551
2022-02-15 15:56:48 , 158 , 25599
2022-02-15 16:01:24 , 158 , 25633
2022-02-15 16:02:23 , 158 , 25643
2022-02-15 16:02:46 , 158 , 25662
2022-02-15 16:05:23 , 158 , 25656
2022-02-15 16:05:25 , 158 , 25656
2022-02-15 16:07:26 , 158 , 25654
2022-02-15 16:24:56 , 158 , 25668
2022-02-15 16:26:55 , 158 , 25668
2022-02-15 16:28:16 , 158 , 25659
2022-02-15 16:28:18 , 158 , 25659
2022-02-15 16:34:08 , 158 , 25666
2022-02-15 16:36:22 , 158 , 25697
2022-02-15 16:37:26 , 158 , 25687
2022-02-15 16:38:51 , 158 , 25687
2022-02-15 16:38:53 , 158 , 25687
2022-02-15 16:41:12 , 158 , 25691
2022-02-15 16:41:14 , 158 , 25691
2022-02-15 16:43:07 , 158 , 25696
2022-02-15 16:44:15 , 158 , 25714
2022-02-15 16:45:13 , 158 , 25729
2022-02-15 17:21:30 , 158 , 25740
2022-02-15 17:22:09 , 158 , 25759
2022-02-15 17:22:33 , 158 , 25758
2022-02-15 17:30:16 , 158 , 25769
2022-02-15 17:30:18 , 158 , 25769
2022-02-15 17:40:23 , 158 , 25774
2022-02-15 17:40:52 , 158 , 25773
2022-02-15 17:41:30 , 158 , 25773
2022-02-15 17:41:33 , 158 , 25773
2022-02-15 17:44:58 , 158 , 25785
2022-02-15 17:50:53 , 158 , 25793
2022-02-15 17:51:22 , 158 , 25793
2022-02-15 17:53:24 , 158 , 25823
2022-02-15 17:53:50 , 158 , 25823
2022-02-15 17:54:55 , 158 , 25836
2022-02-15 17:55:30 , 158 , 25834
2022-02-15 17:55:43 , 158 , 25834
2022-02-15 17:58:39 , 158 , 25854
2022-02-15 17:58:41 , 158 , 25854
2022-02-15 17:59:25 , 158 , 25856
2022-02-15 18:01:00 , 158 , 25856
2022-02-15 18:02:53 , 158 , 25849
2022-02-15 18:03:44 , 158 , 25846
2022-02-15 18:08:46 , 158 , 25846
2022-02-15 18:09:05 , 158 , 25843
2022-02-15 18:09:22 , 158 , 25844
2022-02-15 18:09:48 , 158 , 25843
2022-02-15 18:10:43 , 158 , 25843
2022-02-15 18:10:45 , 158 , 25843
2022-02-15 18:12:23 , 156 , 25843
2022-02-16 13:13:38 , 156 , 25843
2022-02-16 13:17:40 , 156 , 25795
2022-02-16 13:18:08 , 156 , 25808
2022-02-16 13:37:07 , 156 , 25869
2022-02-16 13:39:02 , 156 , 25883
2022-02-16 13:48:31 , 156 , 25888
2022-02-16 13:50:32 , 158 , 25902
2022-02-16 13:52:39 , 158 , 25914
2022-02-16 13:52:51 , 158 , 25914
2022-02-16 13:54:47 , 156 , 25818
2022-02-16 13:59:28 , 156 , 25870
2022-02-16 14:00:08 , 156 , 25871
2022-02-16 14:37:28 , 156 , 25872
2022-02-16 14:37:30 , 156 , 25872
2022-02-16 14:41:28 , 157 , 25861
2022-02-16 14:44:34 , 157 , 25908
2022-02-16 14:45:48 , 157 , 25911
2022-02-16 14:47:13 , 159 , 25915
2022-02-16 14:49:39 , 159 , 25938
2022-02-16 14:51:35 , 159 , 25965
2022-02-16 14:55:41 , 159 , 25999
2022-02-16 14:58:40 , 159 , 25999
2022-02-16 14:58:42 , 159 , 25999
2022-02-16 14:58:55 , 159 , 25999
2022-02-16 15:12:40 , 159 , 25999
2022-02-16 15:12:50 , 159 , 25999
2022-02-16 15:12:52 , 159 , 25999
2022-02-16 15:25:24 , 159 , 26023
2022-02-16 15:27:03 , 159 , 26023
2022-02-16 15:27:32 , 159 , 26025
2022-02-16 15:31:19 , 159 , 25982
2022-02-16 15:31:31 , 159 , 25982
2022-02-16 15:36:04 , 159 , 25985
2022-02-16 16:07:06 , 159 , 26022
2022-02-16 16:09:03 , 159 , 26036
2022-02-16 16:17:05 , 159 , 26072
2022-02-16 16:26:42 , 159 , 26072
2022-02-16 16:26:49 , 159 , 26072
2022-02-16 16:26:51 , 159 , 26072
2022-02-16 16:30:38 , 159 , 26075
2022-02-16 16:33:36 , 159 , 26072
2022-02-16 16:33:38 , 159 , 26072
2022-02-16 16:35:37 , 159 , 26084
2022-02-16 16:35:39 , 159 , 26084
2022-02-16 16:36:22 , 159 , 26096
2022-02-16 16:38:10 , 159 , 26120
2022-02-16 16:40:13 , 159 , 26040
2022-02-16 16:40:38 , 159 , 26040
2022-02-16 16:42:00 , 159 , 26039
2022-02-16 16:58:32 , 159 , 26040
2022-02-16 16:59:39 , 159 , 26040
2022-02-16 17:02:28 , 159 , 26040
2022-02-16 17:02:44 , 159 , 26040
2022-02-16 17:18:55 , 159 , 26040
2022-02-16 17:24:04 , 159 , 26040
2022-02-16 17:24:37 , 159 , 26040
2022-02-16 17:28:01 , 159 , 26040
2022-02-16 17:28:57 , 159 , 26040
2022-02-16 17:29:19 , 159 , 26040
2022-02-16 17:30:08 , 159 , 26040
2022-02-16 17:32:09 , 159 , 26040
2022-02-16 17:32:41 , 159 , 26040
2022-02-16 17:35:31 , 159 , 26040
2022-02-16 17:36:21 , 159 , 26040
2022-02-16 18:03:53 , 159 , 26040
2022-02-16 18:04:27 , 159 , 26040
2022-02-16 18:04:42 , 159 , 26040
2022-02-16 18:06:08 , 159 , 26040
2022-02-16 18:09:53 , 159 , 26040
2022-02-16 18:10:19 , 159 , 26040
2022-02-16 18:10:41 , 159 , 26040
2022-02-16 18:10:51 , 159 , 26040
2022-02-16 18:15:28 , 159 , 26040
2022-02-16 18:15:30 , 159 , 26040
2022-02-16 18:16:56 , 159 , 26040
2022-02-16 18:26:50 , 159 , 26040
2022-02-16 18:28:00 , 159 , 26040
2022-02-16 18:28:28 , 159 , 26040
2022-02-16 18:30:47 , 159 , 26040
2022-02-16 18:32:36 , 159 , 26040
2022-02-16 18:34:57 , 159 , 26040
2022-02-16 18:35:00 , 159 , 26040
2022-02-16 18:38:54 , 159 , 26040
2022-02-16 18:40:08 , 159 , 26040
2022-02-16 18:40:31 , 159 , 26040
2022-02-16 18:41:54 , 159 , 26040
2022-02-16 18:42:57 , 159 , 26040
2022-02-16 18:43:16 , 159 , 26040
2022-02-16 18:43:34 , 159 , 26040
2022-02-16 18:43:49 , 159 , 26040
2022-02-16 18:44:05 , 159 , 26040
2022-02-16 18:44:53 , 159 , 26041
2022-02-16 18:45:03 , 159 , 26041
2022-02-16 18:45:29 , 159 , 26046
2022-02-17 13:27:35 , 159 , 26047
2022-02-17 13:28:05 , 159 , 26053
2022-02-17 13:29:56 , 159 , 26058
2022-02-17 13:33:17 , 159 , 26068
2022-02-17 13:35:04 , 159 , 26069
2022-02-17 13:35:06 , 159 , 26069
2022-02-17 13:36:01 , 159 , 26082
2022-02-17 13:36:03 , 159 , 26082
2022-02-17 13:36:48 , 159 , 26083
2022-02-17 13:36:50 , 159 , 26083
2022-02-17 13:37:53 , 159 , 26106
2022-02-17 13:39:18 , 159 , 26128
2022-02-17 13:39:20 , 159 , 26128
2022-02-17 13:40:41 , 159 , 26138
2022-02-17 13:41:13 , 159 , 26144
2022-02-17 13:42:37 , 159 , 26165
2022-02-17 13:45:03 , 159 , 26193
2022-02-17 15:30:00 , 159 , 26201
2022-02-17 15:31:56 , 159 , 26201
2022-02-17 15:38:12 , 159 , 26201
2022-02-17 15:38:46 , 159 , 26201
2022-02-17 15:55:06 , 159 , 26201
2022-02-17 15:55:08 , 159 , 26201
2022-02-17 15:55:27 , 159 , 26201
2022-02-17 16:01:06 , 159 , 26240
2022-02-17 16:03:17 , 159 , 26244
2022-02-17 16:03:49 , 159 , 26244
2022-02-17 16:11:07 , 159 , 26262
2022-02-17 16:11:51 , 159 , 26262
2022-02-17 16:12:08 , 159 , 26261
2022-02-17 16:15:16 , 159 , 26305
2022-02-17 16:16:35 , 159 , 26305
2022-02-17 16:17:24 , 159 , 26305
2022-02-17 16:17:38 , 159 , 26305
2022-02-17 16:17:52 , 159 , 26305
2022-02-17 16:19:21 , 159 , 26315
2022-02-17 16:22:42 , 159 , 26295
2022-02-17 16:24:38 , 159 , 26316
2022-02-17 16:28:54 , 159 , 26318
2022-02-17 16:30:49 , 159 , 26318
2022-02-17 16:32:32 , 161 , 26318
2022-02-17 16:40:19 , 163 , 26349
2022-02-17 16:41:01 , 163 , 26349
2022-02-17 16:41:52 , 163 , 26349
2022-02-17 16:42:25 , 163 , 26349
2022-02-17 16:43:02 , 163 , 26349
2022-02-17 16:43:04 , 163 , 26349
2022-02-17 16:43:45 , 163 , 26349
2022-02-17 16:44:30 , 163 , 26349
2022-02-17 16:45:08 , 163 , 26349
2022-02-17 16:46:41 , 163 , 26349
2022-02-17 16:47:12 , 163 , 26349
2022-02-17 16:47:34 , 163 , 26349
2022-02-17 16:48:40 , 163 , 26349
2022-02-17 16:49:59 , 163 , 26349
2022-02-17 16:50:33 , 163 , 26349
2022-02-17 16:51:06 , 163 , 26349
2022-02-17 16:51:38 , 163 , 26349
2022-02-17 16:52:33 , 163 , 26349
2022-02-17 16:54:59 , 163 , 26349
2022-02-17 16:57:17 , 163 , 26349
2022-02-17 16:58:02 , 163 , 26349
2022-02-17 16:59:04 , 163 , 26349
2022-02-17 17:00:15 , 163 , 26349
2022-02-17 17:01:04 , 163 , 26349
2022-02-17 17:02:12 , 163 , 26349
2022-02-17 17:05:33 , 163 , 26402
2022-02-17 17:09:08 , 163 , 26432
2022-02-17 17:10:01 , 163 , 26436
2022-02-17 17:11:10 , 163 , 26445
2022-02-17 17:12:58 , 163 , 26451
2022-02-17 17:16:04 , 163 , 26486
2022-02-17 17:17:10 , 163 , 26488
2022-02-17 17:20:13 , 163 , 26490
2022-02-17 17:22:42 , 163 , 26506
2022-02-17 17:33:07 , 163 , 26553
2022-02-17 17:35:12 , 163 , 26553
2022-02-17 17:35:14 , 163 , 26553
2022-02-18 13:24:52 , 163 , 26557
2022-02-18 13:25:45 , 163 , 26558
2022-02-18 13:28:44 , 163 , 26577
2022-02-18 13:29:55 , 163 , 26588
2022-02-18 13:40:22 , 163 , 26666
2022-02-18 13:41:16 , 163 , 26667
2022-02-18 13:41:32 , 163 , 26667
2022-02-18 13:41:48 , 163 , 26667
2022-02-18 13:43:11 , 163 , 26663
2022-02-18 14:14:44 , 163 , 26722
2022-02-18 14:15:09 , 163 , 26722
2022-02-18 14:17:07 , 163 , 26734
2022-02-18 14:18:39 , 163 , 26760
2022-02-18 14:27:59 , 163 , 26767
2022-02-18 14:29:38 , 163 , 26808
2022-02-18 14:30:41 , 163 , 26808
2022-02-18 14:30:43 , 163 , 26808
2022-02-18 14:32:02 , 163 , 26808
2022-02-18 14:32:05 , 163 , 26808
2022-02-18 14:33:15 , 163 , 26808
2022-02-18 14:33:17 , 163 , 26808
2022-02-18 15:08:14 , 163 , 26827
2022-02-18 15:10:16 , 163 , 26842
2022-02-18 15:17:32 , 163 , 26922
2022-02-18 15:21:39 , 163 , 26913
2022-02-18 15:24:19 , 163 , 26888
2022-02-18 15:25:17 , 163 , 26896
2022-02-18 15:26:14 , 163 , 26909
2022-02-18 15:32:19 , 163 , 26997
2022-02-18 15:32:21 , 163 , 26997
2022-02-18 15:33:40 , 163 , 27004
2022-02-18 15:33:42 , 163 , 27004
2022-02-18 16:18:22 , 163 , 27021
2022-02-18 16:19:35 , 163 , 27028
2022-02-18 16:23:14 , 165 , 27077
2022-02-18 16:24:35 , 165 , 27078
2022-02-18 16:33:43 , 165 , 27088
2022-02-18 16:34:45 , 165 , 27103
2022-02-18 16:34:47 , 165 , 27103
2022-02-18 16:44:33 , 165 , 27112
2022-02-18 16:47:44 , 165 , 27144
2022-02-18 16:48:55 , 165 , 27145
2022-02-18 16:48:57 , 165 , 27145
2022-02-18 16:49:34 , 165 , 27145
2022-02-18 16:51:22 , 165 , 27145
2022-02-18 17:18:48 , 165 , 27166
2022-02-18 17:19:13 , 165 , 27161
2022-02-18 17:23:35 , 165 , 27236
2022-02-18 17:25:10 , 165 , 27263
2022-02-18 17:25:54 , 165 , 27269
2022-02-18 17:26:20 , 165 , 27269
2022-02-18 17:28:01 , 165 , 27266
2022-02-18 17:28:03 , 165 , 27266
2022-02-18 17:29:24 , 165 , 27269
2022-02-18 17:32:48 , 165 , 27269
2022-02-18 17:32:59 , 165 , 27269
2022-02-18 17:33:09 , 165 , 27269
2022-02-18 17:33:45 , 165 , 27269
2022-02-18 17:35:36 , 165 , 27269
2022-02-18 17:36:26 , 165 , 27269
2022-02-18 17:36:46 , 165 , 27269
2022-02-18 17:37:02 , 165 , 27269
2022-02-18 17:37:25 , 165 , 27269
2022-02-18 17:38:01 , 165 , 27269
2022-02-18 17:38:03 , 165 , 27269
2022-02-18 17:38:36 , 165 , 27269
2022-02-18 17:39:59 , 165 , 27269
2022-02-18 17:40:12 , 165 , 27269
2022-02-18 17:44:07 , 165 , 27275
2022-02-18 17:47:59 , 165 , 27275
2022-02-18 17:50:13 , 165 , 27275
2022-02-18 17:52:08 , 165 , 27275
2022-02-18 17:54:59 , 165 , 27298
2022-02-18 17:56:07 , 163 , 27299
2022-02-18 17:57:40 , 165 , 27299
2022-02-18 17:58:17 , 165 , 27299
2022-02-18 17:58:32 , 165 , 27299
2022-02-18 17:59:37 , 165 , 27299
2022-02-18 18:01:48 , 165 , 27299
2022-02-18 18:02:14 , 165 , 27299
2022-02-18 18:02:36 , 165 , 27299
2022-02-18 18:02:50 , 165 , 27299
2022-02-18 18:03:36 , 165 , 27299
2022-02-18 18:04:42 , 165 , 27299
2022-02-18 18:05:21 , 165 , 27299
2022-02-18 18:06:13 , 165 , 27299
2022-02-18 18:06:15 , 165 , 27299
2022-02-18 18:06:57 , 165 , 27299
2022-02-18 18:07:08 , 165 , 27299
2022-02-18 18:07:43 , 165 , 27299
2022-02-18 18:08:59 , 165 , 27299
2022-02-18 18:09:10 , 165 , 27299
2022-02-18 18:09:24 , 165 , 27299
2022-02-18 18:12:57 , 165 , 27299
2022-02-18 18:13:32 , 165 , 27299
2022-02-18 18:14:50 , 165 , 27299
2022-02-18 18:15:14 , 165 , 27299
2022-02-18 18:15:28 , 165 , 27299
2022-02-18 18:16:38 , 165 , 27299
2022-02-18 18:21:09 , 165 , 27299
2022-02-18 18:23:47 , 165 , 27299
2022-02-18 18:24:17 , 165 , 27299
2022-02-18 18:24:56 , 165 , 27299
2022-02-18 18:25:51 , 165 , 27299
2022-02-18 18:46:40 , 165 , 27299
2022-02-18 18:51:11 , 165 , 27299
2022-02-18 18:51:14 , 165 , 27299
2022-02-18 18:53:15 , 165 , 27321
2022-02-18 18:53:17 , 165 , 27321
2022-02-18 18:53:33 , 165 , 27328
2022-02-18 18:54:42 , 165 , 27328
2022-02-18 18:55:06 , 165 , 27328
2022-02-18 18:55:47 , 165 , 27328
2022-02-18 18:56:20 , 165 , 27328
2022-02-18 19:01:58 , 165 , 27341
2022-02-18 19:03:36 , 165 , 27341
2022-02-20 15:38:11 , 165 , 27341
2022-02-20 15:38:58 , 165 , 27341
2022-02-20 16:01:29 , 165 , 27341
2022-02-20 16:01:31 , 165 , 27341
2022-02-20 16:01:49 , 165 , 27341
2022-02-20 16:03:38 , 165 , 27341
2022-02-20 16:04:45 , 165 , 27341
2022-02-20 16:04:47 , 165 , 27341
2022-02-20 16:06:54 , 165 , 27341
2022-02-20 16:08:00 , 165 , 27341
2022-02-20 16:08:02 , 165 , 27341
2022-02-20 16:12:41 , 165 , 27341
2022-02-20 16:32:01 , 165 , 27456
2022-02-20 16:35:19 , 165 , 27460
2022-02-20 16:35:21 , 165 , 27460
2022-02-20 16:38:20 , 165 , 27478
2022-02-20 16:38:22 , 165 , 27478
2022-02-20 16:41:35 , 165 , 27477
2022-02-20 16:43:05 , 165 , 27463
2022-02-20 16:48:04 , 165 , 27509
2022-02-20 16:50:19 , 165 , 27517
2022-02-20 16:53:08 , 165 , 27566
2022-02-20 16:57:49 , 165 , 27566
2022-02-20 16:58:20 , 165 , 27576
2022-02-20 16:58:42 , 165 , 27593
2022-02-20 16:59:24 , 165 , 27596
2022-02-20 17:02:29 , 165 , 27614
2022-02-20 17:02:31 , 165 , 27614
2022-02-20 17:07:54 , 165 , 27614
2022-02-20 17:12:37 , 165 , 27613
2022-02-20 18:55:22 , 174 , 30988
2022-02-20 18:57:45 , 174 , 30988
2022-02-20 19:01:07 , 174 , 30988
2022-02-20 19:03:14 , 174 , 30988
2022-02-21 16:46:15 , 174 , 30988
2022-02-21 16:48:09 , 174 , 30988
2022-02-21 16:48:11 , 174 , 30988
2022-02-21 17:00:05 , 176 , 30990
2022-02-21 17:00:07 , 176 , 30990
2022-02-21 17:00:34 , 176 , 30990
2022-02-21 17:00:36 , 176 , 30990
2022-02-21 17:01:27 , 176 , 30996
2022-02-21 17:04:40 , 176 , 31004
2022-02-21 17:06:12 , 176 , 31004
2022-02-21 17:06:15 , 176 , 31004
2022-02-21 17:06:49 , 176 , 31005
2022-02-21 17:06:55 , 176 , 31005
2022-02-21 17:06:57 , 176 , 31005
2022-02-21 17:21:53 , 176 , 31008
2022-02-21 17:24:43 , 176 , 31025
2022-02-21 17:30:07 , 176 , 31025
2022-02-21 17:30:29 , 176 , 31026
2022-02-21 17:30:31 , 176 , 31026
2022-02-21 17:34:35 , 176 , 31068
2022-02-21 17:35:04 , 176 , 31070
2022-02-21 17:35:06 , 176 , 31070
2022-02-21 17:35:15 , 176 , 31068
2022-02-21 17:36:20 , 176 , 31066
2022-02-21 17:36:22 , 176 , 31066
2022-02-21 17:37:34 , 176 , 31076
2022-02-21 17:37:44 , 176 , 31080
2022-02-21 17:37:46 , 176 , 31080
2022-02-21 17:38:07 , 176 , 31080
2022-02-21 17:38:09 , 176 , 31080
2022-02-21 17:39:26 , 176 , 31085
2022-02-21 17:39:28 , 176 , 31085
2022-02-21 17:40:37 , 176 , 31100
2022-02-21 17:43:10 , 176 , 31098
2022-02-21 17:43:12 , 176 , 31098
2022-02-21 17:45:33 , 176 , 31101
2022-02-21 17:46:21 , 176 , 31101
2022-02-21 18:39:27 , 176 , 31100
2022-02-21 18:39:29 , 176 , 31100
2022-02-21 18:39:46 , 176 , 31100
2022-02-21 18:40:33 , 176 , 31109
2022-02-21 18:41:25 , 176 , 31126
2022-02-21 18:43:01 , 176 , 31121
2022-02-21 18:45:00 , 176 , 31143
2022-02-21 18:46:00 , 176 , 31150
2022-02-21 18:46:02 , 176 , 31150
2022-02-21 18:46:36 , 176 , 31151
2022-02-21 18:46:38 , 176 , 31151
2022-02-21 18:47:33 , 176 , 31157
2022-02-21 18:48:33 , 176 , 31155
2022-02-21 18:49:49 , 176 , 31155
2022-02-21 18:57:37 , 176 , 31155
2022-02-21 18:57:40 , 176 , 31155
2022-02-21 18:58:45 , 176 , 31155
2022-02-21 19:01:38 , 176 , 31155
2022-02-21 19:02:12 , 176 , 31155
2022-02-21 19:03:50 , 176 , 31155
2022-02-21 19:05:41 , 176 , 31155
2022-02-21 19:05:43 , 176 , 31155
2022-02-21 19:06:55 , 176 , 31156
2022-02-21 19:07:45 , 176 , 31156
2022-02-21 19:09:11 , 176 , 31150
2022-02-21 19:09:52 , 176 , 31145
2022-02-22 13:06:44 , 176 , 31216
2022-02-22 13:11:11 , 176 , 31216
2022-02-22 13:16:05 , 176 , 31222
2022-02-22 13:18:07 , 176 , 31228
2022-02-22 13:18:18 , 176 , 31232
2022-02-22 13:20:59 , 176 , 31252
2022-02-22 13:21:14 , 176 , 31253
2022-02-22 13:21:17 , 176 , 31253
2022-02-22 13:22:43 , 176 , 31272
2022-02-22 13:25:13 , 176 , 31272
2022-02-22 13:27:14 , 176 , 31272
2022-02-22 13:32:42 , 176 , 31272
2022-02-22 13:32:44 , 176 , 31272
2022-02-22 13:33:41 , 176 , 31272
2022-02-22 13:34:49 , 176 , 31272
2022-02-22 13:47:34 , 176 , 31282
2022-02-22 13:49:56 , 176 , 31282
2022-02-22 13:49:59 , 176 , 31282
2022-02-22 13:51:00 , 176 , 31282
2022-02-22 13:51:02 , 176 , 31282
2022-02-22 13:51:41 , 176 , 31283
2022-02-22 13:54:31 , 176 , 31284
2022-02-22 13:55:17 , 176 , 31292
2022-02-22 13:55:19 , 176 , 31292
2022-02-22 13:58:59 , 176 , 31309
2022-02-22 13:59:02 , 176 , 31309
2022-02-22 14:00:18 , 176 , 31307
2022-02-22 14:00:20 , 176 , 31307
2022-02-22 14:03:26 , 176 , 31341
2022-02-22 14:05:02 , 176 , 31351
2022-02-22 14:07:07 , 176 , 31351
2022-02-22 14:14:11 , 176 , 31353
2022-02-22 14:14:13 , 176 , 31353
2022-02-22 14:19:35 , 176 , 31386
2022-02-22 14:21:16 , 176 , 31387
2022-02-22 15:23:22 , 176 , 31426
2022-02-22 15:23:25 , 176 , 31426
2022-02-22 15:23:59 , 176 , 31434
2022-02-22 15:49:18 , 176 , 31434
2022-02-22 15:54:10 , 176 , 31425
2022-02-22 15:55:38 , 176 , 31425
2022-02-22 15:56:15 , 176 , 31425
2022-02-22 15:56:47 , 176 , 31420
2022-02-22 15:59:37 , 176 , 31424
2022-02-22 16:02:14 , 176 , 31439
2022-02-22 16:02:16 , 176 , 31439
2022-02-22 16:02:33 , 176 , 31439
2022-02-22 16:02:35 , 176 , 31439
2022-02-22 16:07:42 , 176 , 31486
2022-02-22 16:10:22 , 176 , 31486
2022-02-22 16:10:59 , 176 , 31488
2022-02-22 16:49:13 , 176 , 31525
2022-02-22 16:49:37 , 176 , 31525
2022-02-22 16:49:46 , 176 , 31525
2022-02-22 16:49:48 , 176 , 31525
2022-02-22 16:51:02 , 176 , 31527
2022-02-22 16:51:47 , 176 , 31524
2022-02-22 16:56:33 , 176 , 31557
2022-02-22 16:57:00 , 176 , 31559
2022-02-22 16:57:16 , 176 , 31559
2022-02-22 16:57:45 , 176 , 31555
2022-02-22 16:58:59 , 176 , 31555
2022-02-22 16:59:22 , 176 , 31555
2022-02-22 16:59:24 , 176 , 31555
2022-02-22 17:00:07 , 176 , 31555
2022-02-22 17:00:29 , 176 , 31555
2022-02-22 17:00:31 , 176 , 31555
2022-02-22 17:02:22 , 176 , 31553
2022-02-22 17:02:36 , 176 , 31556
2022-02-22 17:13:34 , 176 , 31556
2022-02-22 17:14:09 , 176 , 31556
2022-02-22 17:14:59 , 176 , 31556
2022-02-22 17:15:01 , 176 , 31556
2022-02-22 17:15:51 , 176 , 31556
2022-02-22 17:16:30 , 176 , 31556
2022-02-22 17:16:57 , 176 , 31556
2022-02-22 17:16:59 , 176 , 31556
2022-02-22 17:17:18 , 176 , 31556
2022-02-22 17:17:20 , 176 , 31556
2022-02-22 17:18:22 , 178 , 31559
2022-02-22 17:18:44 , 178 , 31559
2022-02-22 17:18:47 , 178 , 31559
2022-02-22 17:20:04 , 178 , 31559
2022-02-22 17:23:19 , 176 , 31569
2022-02-22 17:23:50 , 176 , 31582
2022-02-22 17:28:27 , 178 , 31582
2022-02-22 17:28:29 , 178 , 31582
2022-02-22 17:30:29 , 178 , 31582
2022-02-22 17:32:16 , 178 , 31583
2022-02-22 17:33:34 , 178 , 31583
2022-02-22 17:33:36 , 178 , 31583
2022-02-22 17:34:13 , 178 , 31589
2022-02-22 17:35:59 , 178 , 31601
2022-02-22 17:36:01 , 178 , 31601
2022-02-22 17:40:01 , 178 , 31623
2022-02-22 17:43:12 , 178 , 31653
2022-02-22 17:44:15 , 178 , 31653
2022-02-22 17:44:55 , 178 , 31660
2022-02-22 17:46:14 , 178 , 31660
2022-02-22 17:49:43 , 178 , 31660
2022-02-22 17:49:45 , 178 , 31660
2022-02-22 17:50:36 , 178 , 31660
2022-02-22 17:51:03 , 178 , 31660
2022-02-22 17:51:05 , 178 , 31660
2022-02-22 17:52:06 , 178 , 31660
2022-02-22 18:05:50 , 178 , 31687
2022-02-22 18:05:53 , 178 , 31687
2022-02-22 18:06:19 , 178 , 31687
2022-02-22 18:06:21 , 178 , 31687
2022-02-22 18:06:57 , 178 , 31687
2022-02-22 18:07:21 , 178 , 31687
2022-02-22 18:07:54 , 178 , 31687
2022-02-22 18:10:34 , 178 , 31698
2022-02-22 18:10:59 , 178 , 31700
2022-02-22 18:11:24 , 178 , 31701
2022-02-22 18:13:40 , 178 , 31727
2022-02-22 18:14:47 , 178 , 31738
2022-02-22 18:16:30 , 178 , 31738
2022-02-22 18:20:07 , 178 , 31764
2022-02-22 18:20:09 , 178 , 31764
2022-02-22 18:20:26 , 178 , 31764
2022-02-22 18:20:52 , 178 , 31766
2022-02-22 18:21:28 , 178 , 31777
2022-02-22 18:21:56 , 178 , 31742
2022-02-22 18:21:58 , 178 , 31742
2022-02-22 18:22:20 , 178 , 31742
2022-02-22 18:22:37 , 178 , 31742
2022-02-22 18:29:11 , 178 , 31791
2022-02-22 18:29:46 , 178 , 31791
2022-02-22 18:29:48 , 178 , 31791
2022-02-22 18:35:44 , 178 , 31820
2022-02-22 18:36:37 , 178 , 31828
2022-02-22 18:38:35 , 178 , 31838
2022-02-22 18:40:32 , 178 , 31866
2022-02-22 18:40:57 , 178 , 31866
2022-02-22 18:40:59 , 178 , 31866
2022-02-22 18:42:37 , 178 , 31881
2022-02-22 18:45:03 , 178 , 31900
2022-02-22 18:45:13 , 178 , 31901
2022-02-22 18:45:15 , 178 , 31901
2022-02-22 18:47:26 , 178 , 31928
2022-02-22 18:48:53 , 178 , 31943
2022-02-22 18:48:56 , 178 , 31943
2022-02-22 18:49:35 , 178 , 31944
2022-02-22 18:52:00 , 178 , 31959
2022-02-22 18:52:09 , 178 , 31959
2022-02-22 18:52:11 , 178 , 31959
2022-02-22 18:54:04 , 178 , 31710
2022-02-22 18:59:10 , 178 , 31707
2022-02-22 18:59:44 , 178 , 31714
2022-02-22 18:59:54 , 178 , 31713
2022-02-22 19:01:24 , 178 , 31713
2022-02-22 19:01:27 , 178 , 31713
2022-02-22 19:06:46 , 178 , 31714
2022-02-23 00:50:01 , 178 , 31714
2022-02-23 00:59:04 , 178 , 31714
2022-02-23 16:11:56 , 178 , 31714
2022-02-23 16:14:24 , 178 , 31714
2022-02-23 16:17:00 , 178 , 31737
2022-02-23 16:20:50 , 178 , 31753
2022-02-23 16:21:47 , 178 , 31762
2022-02-23 16:22:07 , 178 , 31773
2022-02-23 16:22:09 , 178 , 31773
2022-02-23 16:23:09 , 178 , 31788
2022-02-23 16:23:11 , 178 , 31788
2022-02-23 16:23:47 , 178 , 31789
2022-02-23 17:29:50 , 178 , 31799
2022-02-23 17:29:53 , 178 , 31799
2022-02-23 17:33:21 , 178 , 31799
2022-02-23 17:36:26 , 178 , 31799
2022-02-23 17:38:39 , 178 , 31799
2022-02-23 17:45:03 , 178 , 31799
2022-02-23 17:45:05 , 178 , 31799
2022-02-23 17:46:38 , 178 , 31799
2022-02-23 17:46:49 , 178 , 31799
2022-02-23 17:46:51 , 178 , 31799
2022-02-23 17:47:40 , 178 , 31802
2022-02-23 17:51:57 , 178 , 31852
2022-02-23 17:52:25 , 178 , 31852
2022-02-23 17:56:24 , 178 , 31863
2022-02-23 17:56:26 , 178 , 31863
2022-02-23 17:57:16 , 178 , 31863
2022-02-23 18:05:51 , 178 , 31879
2022-02-23 18:06:11 , 178 , 31884
2022-02-23 18:07:33 , 178 , 31894
2022-02-23 18:08:19 , 178 , 31909
2022-02-23 18:09:18 , 178 , 31917
2022-02-23 18:12:44 , 178 , 31918
2022-02-23 18:13:06 , 178 , 31927
2022-02-23 18:13:08 , 178 , 31927
2022-02-23 18:13:33 , 178 , 31933
2022-02-23 18:13:48 , 178 , 31932
2022-02-23 18:13:50 , 178 , 31932
2022-02-23 18:15:31 , 178 , 31935
2022-02-23 18:16:38 , 178 , 31935
2022-02-23 18:17:00 , 178 , 31930
2022-02-23 18:17:02 , 178 , 31930
2022-02-23 18:33:34 , 178 , 31937
2022-02-23 18:34:33 , 178 , 31939
2022-02-23 18:40:43 , 178 , 31939
2022-02-23 18:41:13 , 178 , 31939
2022-02-23 18:41:16 , 178 , 31939
2022-02-23 18:42:22 , 178 , 31940
2022-02-23 18:59:33 , 178 , 31931
2022-02-23 19:04:22 , 178 , 31909
2022-02-23 19:12:00 , 178 , 31917
2022-02-23 19:13:41 , 178 , 31868
2022-02-23 19:16:51 , 178 , 31918
2022-02-23 19:18:46 , 178 , 31949
2022-02-23 19:18:48 , 178 , 31949
2022-02-23 19:19:08 , 178 , 31965
2022-02-23 19:19:10 , 178 , 31965
2022-02-23 19:20:16 , 178 , 31970
2022-02-23 19:21:50 , 178 , 31959
2022-02-23 19:22:38 , 178 , 31985
2022-02-23 19:22:59 , 178 , 31985
2022-02-23 19:23:01 , 178 , 31985
2022-02-23 19:24:07 , 178 , 31994
2022-02-23 19:24:27 , 178 , 31998
2022-02-23 19:26:50 , 178 , 32015
2022-02-23 19:26:59 , 178 , 32014
2022-02-23 19:27:01 , 178 , 32014
2022-02-23 19:30:17 , 178 , 32039
2022-02-23 19:30:39 , 178 , 32047
2022-02-23 19:30:41 , 178 , 32047
2022-02-23 19:31:11 , 178 , 32053
2022-02-23 19:31:13 , 178 , 32053
2022-02-23 19:31:46 , 178 , 32061
2022-02-23 19:32:29 , 178 , 32066
2022-02-23 19:32:32 , 178 , 32066
2022-02-23 19:32:58 , 178 , 32069
2022-02-24 14:41:52 , 178 , 32069
2022-02-24 14:42:52 , 178 , 32069
2022-02-24 14:46:11 , 178 , 32069
2022-02-24 14:46:41 , 178 , 32069
2022-02-24 15:10:53 , 178 , 32102
2022-02-24 15:10:55 , 178 , 32102
2022-02-24 15:11:13 , 178 , 32102
2022-02-24 15:15:55 , 178 , 32103
2022-02-24 15:17:13 , 178 , 32109
2022-02-24 15:17:27 , 178 , 32112
2022-02-24 15:20:50 , 178 , 32138
2022-02-24 15:20:52 , 178 , 32138
2022-02-24 15:23:08 , 178 , 32144
2022-02-24 15:23:21 , 178 , 32144
2022-02-24 15:24:07 , 178 , 32144
2022-02-24 15:25:02 , 178 , 32151
2022-02-24 15:25:13 , 178 , 32150
2022-02-24 16:29:38 , 180 , 32150
2022-02-24 16:30:05 , 180 , 32150
2022-02-24 16:31:12 , 180 , 32150
2022-02-24 16:31:14 , 180 , 32150
2022-02-24 16:31:32 , 180 , 32150
2022-02-24 16:32:37 , 180 , 32150
2022-02-24 16:34:07 , 180 , 32150
2022-02-24 16:39:05 , 180 , 32150
2022-02-24 16:46:17 , 178 , 32150
2022-02-24 16:47:19 , 178 , 32150
2022-02-24 16:48:34 , 176 , 32150
2022-02-24 17:05:14 , 176 , 32161
2022-02-24 17:06:04 , 176 , 32170
2022-02-24 17:07:03 , 176 , 32185
2022-02-24 17:09:25 , 176 , 32267
2022-02-24 17:09:35 , 176 , 32267
2022-02-24 17:24:43 , 176 , 32270
2022-02-24 17:25:08 , 176 , 32270
2022-02-24 17:38:59 , 176 , 32309
2022-02-24 17:41:09 , 176 , 32341
2022-02-24 17:42:33 , 176 , 32360
2022-02-24 17:44:41 , 176 , 32360
2022-02-24 17:45:54 , 176 , 32361
2022-02-24 17:46:49 , 178 , 32371
2022-02-24 17:47:06 , 178 , 32382
2022-02-24 17:49:20 , 178 , 32442
2022-02-24 17:52:40 , 178 , 32455
2022-02-24 17:53:02 , 178 , 32465
2022-02-24 17:56:57 , 178 , 32521
2022-02-24 17:57:55 , 178 , 32538
2022-02-24 17:58:16 , 178 , 32541
2022-02-24 17:58:32 , 178 , 32541
2022-02-24 17:59:59 , 178 , 32545
2022-02-24 18:00:44 , 176 , 32072
2022-02-24 18:00:47 , 176 , 32072
2022-02-24 18:04:19 , 176 , 32072
2022-02-25 13:00:42 , 176 , 32072
2022-02-25 13:02:48 , 176 , 32072
2022-02-25 13:04:30 , 176 , 32072
2022-02-25 13:06:20 , 176 , 32072
2022-02-25 13:07:43 , 176 , 32072
2022-02-25 13:12:43 , 176 , 32072
2022-02-25 13:13:53 , 176 , 32072
2022-02-25 13:14:34 , 176 , 32072
2022-02-25 13:15:32 , 176 , 32072
2022-02-25 13:15:55 , 176 , 32072
2022-02-25 13:17:05 , 176 , 32072
2022-02-25 13:17:07 , 176 , 32072
2022-02-25 13:17:28 , 176 , 32072
2022-02-25 13:17:51 , 176 , 32072
2022-02-25 13:21:56 , 176 , 32072
2022-02-25 13:22:51 , 176 , 32072
2022-02-25 13:28:59 , 176 , 32075
2022-02-25 14:24:11 , 176 , 32075
2022-02-25 14:33:38 , 176 , 32075
2022-02-25 14:37:31 , 177 , 32076
2022-02-25 14:37:33 , 177 , 32076
2022-02-25 14:38:57 , 177 , 32077
2022-02-25 14:41:25 , 177 , 32077
2022-02-25 14:41:35 , 177 , 32079
2022-02-25 14:42:30 , 177 , 32080
2022-02-25 14:43:45 , 177 , 32094
2022-02-25 14:44:34 , 177 , 32098
2022-02-25 14:45:43 , 177 , 32103
2022-02-25 14:46:37 , 177 , 32103
2022-02-25 14:47:51 , 177 , 32104
2022-02-25 14:48:21 , 177 , 32112
2022-02-25 14:48:58 , 177 , 32114
2022-02-25 14:49:36 , 177 , 32114
2022-02-25 14:50:35 , 177 , 32130
2022-02-25 15:00:00 , 177 , 32141
2022-02-25 15:00:11 , 177 , 32141
2022-02-25 15:03:45 , 177 , 32161
2022-02-25 15:20:29 , 177 , 32161
2022-02-25 15:20:35 , 177 , 32161
2022-02-25 15:20:37 , 177 , 32161
2022-02-25 15:21:45 , 177 , 32162
2022-02-25 15:23:33 , 177 , 32194
2022-02-25 15:23:35 , 177 , 32194
2022-02-25 15:24:00 , 177 , 32203
2022-02-25 15:26:07 , 177 , 32203
2022-02-25 15:26:25 , 177 , 32203
2022-02-25 15:28:23 , 177 , 32211
2022-02-25 15:38:46 , 177 , 32183
2022-02-25 15:41:12 , 177 , 32183
2022-02-25 15:42:46 , 177 , 32186
2022-02-25 16:10:31 , 177 , 32186
2022-02-25 16:19:38 , 177 , 32188
2022-02-25 16:20:44 , 177 , 32189
2022-02-25 16:21:07 , 177 , 32189
2022-02-25 16:24:18 , 177 , 32203
2022-02-25 16:24:47 , 177 , 32203
2022-02-25 16:24:57 , 177 , 32205
2022-02-25 16:26:20 , 177 , 32217
2022-02-25 16:26:22 , 177 , 32217
2022-02-25 16:29:20 , 177 , 32228
2022-02-25 16:29:37 , 177 , 32228
2022-02-25 16:42:04 , 179 , 32228
2022-02-25 16:44:13 , 179 , 32228
2022-02-25 16:45:32 , 179 , 32228
2022-02-25 16:47:08 , 179 , 32228
2022-02-25 16:47:49 , 179 , 32228
2022-02-25 16:50:53 , 179 , 32234
2022-02-25 16:50:55 , 179 , 32234
2022-02-25 16:51:12 , 179 , 32235
2022-02-25 16:54:09 , 179 , 32231
2022-02-25 16:55:50 , 179 , 32250
2022-02-25 16:57:06 , 179 , 32256
2022-02-25 17:00:07 , 179 , 32268
2022-02-25 17:01:07 , 179 , 32294
2022-02-25 17:03:51 , 179 , 32287
2022-02-25 17:06:15 , 179 , 32291
2022-02-25 17:16:34 , 179 , 32306
2022-02-25 17:17:57 , 179 , 32306
2022-02-25 17:18:25 , 179 , 32306
2022-02-25 17:18:57 , 179 , 32306
2022-02-25 17:21:09 , 179 , 32332
2022-02-25 17:21:40 , 179 , 32338
2022-02-25 17:22:56 , 179 , 32338
2022-02-25 17:23:44 , 179 , 32338
2022-02-25 17:25:09 , 179 , 32343
2022-02-25 17:33:58 , 179 , 32345
2022-02-25 17:34:48 , 179 , 32345
2022-02-25 17:36:09 , 179 , 32345
2022-02-25 17:36:29 , 179 , 32345
2022-02-25 17:36:58 , 179 , 32395
2022-02-25 17:37:34 , 179 , 32395
2022-02-25 17:38:08 , 179 , 32345
2022-02-25 17:39:53 , 179 , 32345
2022-02-25 17:40:29 , 179 , 32345
2022-02-25 17:40:32 , 179 , 32345
2022-02-25 17:40:44 , 179 , 32345
2022-02-25 17:42:03 , 179 , 32345
2022-02-25 17:42:05 , 179 , 32345
2022-02-25 23:13:14 , 179 , 32345
2022-02-25 23:13:24 , 179 , 32345
2022-02-25 23:17:39 , 179 , 32345
2022-02-25 23:18:42 , 179 , 32345
2022-02-25 23:19:29 , 179 , 32345
2022-02-25 23:21:00 , 179 , 32345
2022-02-26 16:23:25 , 179 , 32345
2022-02-26 16:23:42 , 179 , 32345
2022-02-26 16:25:09 , 179 , 32345
2022-02-26 16:27:14 , 179 , 32354
2022-02-26 16:29:07 , 179 , 32362
2022-02-26 16:30:08 , 179 , 32359
2022-02-26 16:32:01 , 179 , 32373
2022-02-26 16:32:03 , 179 , 32373
2022-02-26 16:32:41 , 179 , 32382
2022-02-26 16:32:43 , 179 , 32382
2022-02-26 16:36:12 , 179 , 32379
2022-02-26 16:42:05 , 179 , 32415
2022-02-26 16:46:59 , 179 , 32443
2022-02-26 16:48:19 , 179 , 32469
2022-02-26 16:51:12 , 179 , 32481
2022-02-26 16:51:42 , 179 , 32498
2022-02-26 16:52:47 , 179 , 32504
2022-02-26 16:53:48 , 179 , 32531
2022-02-26 16:54:04 , 179 , 32531
2022-02-26 18:04:11 , 179 , 32549
2022-02-26 18:05:24 , 179 , 32570
2022-02-26 18:06:26 , 179 , 32590
2022-02-26 18:08:11 , 179 , 32598
2022-02-26 18:09:40 , 179 , 32608
2022-02-26 18:11:36 , 179 , 32614
2022-02-26 18:15:53 , 179 , 32667
2022-02-26 18:17:29 , 179 , 32674
2022-02-26 18:21:14 , 179 , 32720
2022-02-26 18:34:20 , 179 , 32717
2022-02-26 18:36:31 , 179 , 32745
2022-02-26 18:36:41 , 179 , 32745
2022-02-26 18:39:41 , 179 , 32793
2022-02-26 18:40:11 , 179 , 32803
2022-02-26 18:40:30 , 179 , 32816
2022-02-26 18:43:35 , 179 , 32747
2022-02-26 18:44:44 , 179 , 32760
2022-02-26 18:44:46 , 179 , 32760
2022-02-26 18:50:05 , 179 , 32774
2022-02-26 18:51:43 , 179 , 32786
2022-02-26 18:52:52 , 179 , 32766
2022-02-26 18:52:54 , 179 , 32766
2022-02-26 18:56:54 , 179 , 32777
2022-02-26 18:56:56 , 179 , 32777
2022-02-26 18:57:29 , 179 , 32777
2022-02-26 18:59:16 , 179 , 32777
2022-02-26 18:59:19 , 179 , 32777
2022-02-26 19:25:32 , 179 , 32804
2022-02-26 19:26:49 , 179 , 32804
2022-02-26 19:29:01 , 179 , 32815
2022-02-26 19:30:26 , 179 , 32818
2022-02-26 19:30:50 , 179 , 32818
2022-02-26 19:34:36 , 179 , 32842
2022-02-26 19:35:27 , 179 , 32859
2022-02-26 19:39:26 , 181 , 32882
2022-02-26 19:42:08 , 181 , 32925
2022-02-26 19:49:31 , 181 , 32951
2022-02-26 19:50:31 , 181 , 32949
2022-02-26 19:51:20 , 181 , 32954
2022-02-26 19:52:31 , 181 , 32977
2022-02-26 19:55:37 , 181 , 32977
2022-02-26 19:56:38 , 181 , 32991
2022-02-26 19:57:29 , 181 , 32992
2022-02-26 19:59:26 , 181 , 32994
2022-02-26 20:01:56 , 179 , 32827
2022-02-26 20:03:21 , 179 , 32827
2022-02-26 20:04:30 , 179 , 32827
2022-02-26 20:08:33 , 179 , 32849
2022-02-26 20:08:53 , 179 , 32849
2022-02-26 20:10:03 , 179 , 32849
2022-02-26 20:10:40 , 179 , 32849
2022-02-26 20:10:55 , 179 , 32849
2022-02-26 20:17:09 , 179 , 32849
2022-02-26 20:17:21 , 179 , 32849
2022-02-26 20:18:21 , 179 , 32849
2022-02-26 20:19:12 , 179 , 32849
2022-02-26 20:23:32 , 181 , 32863
2022-02-26 20:23:35 , 181 , 32863
2022-02-26 20:24:32 , 179 , 32862
2022-02-26 20:24:34 , 179 , 32862
2022-02-26 20:24:59 , 179 , 32860
2022-02-26 20:26:10 , 179 , 32861
2022-02-26 20:26:12 , 179 , 32861
2022-02-26 20:30:52 , 179 , 32863
2022-02-26 20:41:05 , 179 , 32890
2022-02-26 20:43:22 , 179 , 32903
2022-02-26 20:55:40 , 179 , 32921
2022-02-26 20:55:42 , 179 , 32921
2022-02-26 21:01:42 , 181 , 32982
2022-02-26 21:01:45 , 181 , 32982
2022-02-26 21:02:18 , 181 , 32982
2022-02-26 21:02:21 , 181 , 32982
2022-02-26 21:03:37 , 181 , 32979
2022-02-27 16:45:17 , 181 , 32999
2022-02-27 16:51:19 , 181 , 33030
2022-02-27 16:52:50 , 181 , 33062
2022-02-27 16:52:52 , 181 , 33062
2022-02-27 16:58:57 , 181 , 33082
2022-02-27 16:59:52 , 181 , 33105
2022-02-27 16:59:55 , 181 , 33105
2022-02-27 17:02:23 , 181 , 33117
2022-02-27 17:07:32 , 181 , 33151
2022-02-27 17:10:26 , 181 , 33181
2022-02-27 17:10:28 , 181 , 33181
2022-02-27 17:15:49 , 181 , 33186
2022-02-27 17:15:52 , 181 , 33186
2022-02-27 17:17:02 , 181 , 33187
2022-02-27 17:18:23 , 181 , 33198
2022-02-27 17:18:49 , 181 , 33215
2022-02-27 17:18:51 , 181 , 33215
2022-02-27 17:21:10 , 181 , 33231
2022-02-27 17:21:12 , 181 , 33231
2022-02-27 17:23:00 , 181 , 33266
2022-02-27 17:23:16 , 181 , 33266
2022-02-27 17:23:56 , 181 , 33265
2022-02-27 17:24:32 , 181 , 33268
2022-02-27 17:24:44 , 181 , 33265
2022-02-27 17:25:00 , 181 , 33265
2022-02-27 17:25:19 , 181 , 33266
2022-02-27 17:25:21 , 181 , 33266
2022-02-27 17:25:41 , 181 , 33266
2022-02-28 13:39:27 , 181 , 33264
2022-02-28 13:42:31 , 181 , 33264
2022-02-28 13:42:39 , 181 , 33264
2022-02-28 13:42:46 , 181 , 33264
2022-02-28 13:47:31 , 181 , 33264
2022-02-28 13:47:46 , 181 , 33264
2022-02-28 13:48:06 , 181 , 33264
2022-02-28 15:56:53 , 181 , 33264
2022-02-28 15:59:08 , 181 , 33264
2022-02-28 15:59:10 , 181 , 33264
2022-02-28 16:35:31 , 181 , 33264
2022-02-28 16:35:33 , 181 , 33264
2022-02-28 16:36:43 , 181 , 33264
2022-02-28 16:38:46 , 181 , 33264
2022-02-28 16:46:47 , 181 , 33276
2022-02-28 16:49:19 , 181 , 33305
2022-02-28 16:53:16 , 181 , 33344
2022-02-28 17:03:44 , 181 , 33344
2022-02-28 17:03:46 , 181 , 33344
2022-02-28 17:31:23 , 181 , 33358
2022-02-28 17:33:10 , 181 , 33358
2022-02-28 17:33:12 , 181 , 33358
2022-02-28 17:33:35 , 181 , 33360
2022-02-28 17:33:47 , 181 , 33359
2022-02-28 17:33:49 , 181 , 33359
2022-02-28 17:37:46 , 183 , 33380
2022-02-28 17:39:18 , 183 , 33386
2022-02-28 17:39:29 , 183 , 33386
2022-02-28 17:40:58 , 183 , 33395
2022-02-28 17:41:53 , 183 , 33409
2022-02-28 17:42:55 , 183 , 33420
2022-02-28 17:43:57 , 183 , 33427
2022-02-28 17:44:11 , 183 , 33436
2022-02-28 17:45:56 , 183 , 33463
2022-02-28 17:56:17 , 181 , 33058
2022-02-28 17:56:46 , 181 , 33070
2022-02-28 18:17:44 , 181 , 33130
2022-02-28 18:17:46 , 181 , 33130
2022-02-28 18:18:21 , 181 , 33130
2022-02-28 18:19:20 , 181 , 33130
2022-02-28 18:21:27 , 181 , 33130
2022-03-01 13:37:51 , 181 , 33130
2022-03-01 13:38:22 , 181 , 33122
2022-03-01 13:43:16 , 181 , 33131
2022-03-01 13:43:42 , 181 , 33139
2022-03-01 13:58:58 , 181 , 33125
2022-03-01 13:59:00 , 181 , 33125
2022-03-01 14:04:49 , 181 , 33125
2022-03-01 14:05:02 , 181 , 33125
2022-03-01 14:05:14 , 181 , 33125
2022-03-01 14:05:34 , 181 , 33125
2022-03-01 14:06:04 , 181 , 33125
2022-03-01 14:08:32 , 181 , 33125
2022-03-01 14:09:13 , 181 , 33126
2022-03-01 14:09:15 , 181 , 33126
2022-03-01 14:12:35 , 181 , 33146
2022-03-01 14:13:15 , 181 , 33128
2022-03-01 14:14:11 , 181 , 33139
2022-03-01 14:16:18 , 181 , 33164
2022-03-01 14:16:20 , 181 , 33164
2022-03-01 14:17:19 , 181 , 33171
2022-03-01 14:17:34 , 181 , 33172
2022-03-01 14:17:56 , 181 , 33171
2022-03-01 14:18:13 , 181 , 33171
2022-03-01 14:19:20 , 181 , 33179
2022-03-01 14:19:22 , 181 , 33179
2022-03-01 14:19:46 , 181 , 33191
2022-03-01 14:21:15 , 181 , 33192
2022-03-01 14:22:22 , 181 , 33192
2022-03-01 14:22:24 , 181 , 33192
2022-03-01 14:22:34 , 181 , 33191
2022-03-01 14:22:56 , 181 , 33195
2022-03-01 14:36:13 , 181 , 33202
2022-03-01 14:36:55 , 181 , 33205
2022-03-01 14:38:21 , 181 , 33205
2022-03-01 14:40:51 , 181 , 33205
2022-03-01 14:43:44 , 181 , 33205
2022-03-01 14:44:02 , 181 , 33205
2022-03-01 14:45:07 , 181 , 33208
2022-03-01 14:46:17 , 181 , 33208
2022-03-01 14:54:34 , 181 , 33207
2022-03-01 14:54:52 , 181 , 33210
2022-03-01 14:56:13 , 181 , 33210
2022-03-01 14:56:19 , 181 , 33210
2022-03-01 14:56:45 , 181 , 33210
2022-03-01 14:57:25 , 181 , 33210
2022-03-01 14:57:28 , 181 , 33210
2022-03-01 14:59:10 , 181 , 33206
2022-03-01 15:03:09 , 181 , 33206
2022-03-01 15:05:27 , 181 , 33206
2022-03-01 15:07:55 , 181 , 33204
2022-03-01 15:13:01 , 181 , 33217
2022-03-01 15:13:19 , 181 , 33217
2022-03-01 15:14:50 , 181 , 33232
2022-03-01 15:14:53 , 181 , 33232
2022-03-01 15:15:04 , 181 , 33248
2022-03-01 15:16:29 , 181 , 33248
2022-03-01 15:16:59 , 181 , 33253
2022-03-01 15:17:52 , 181 , 33255
2022-03-01 15:18:03 , 181 , 33257
2022-03-01 15:41:52 , 181 , 33257
2022-03-01 15:42:06 , 181 , 33263
2022-03-01 15:43:56 , 181 , 33291
2022-03-01 15:46:14 , 181 , 33257
2022-03-01 15:48:51 , 181 , 33260
2022-03-01 15:48:53 , 181 , 33260
2022-03-01 15:50:54 , 181 , 33301
2022-03-01 15:55:08 , 181 , 33342
2022-03-01 15:55:45 , 181 , 33342
2022-03-01 16:00:04 , 181 , 33326
2022-03-01 16:01:27 , 181 , 33344
2022-03-01 16:03:09 , 181 , 33344
2022-03-01 16:06:44 , 181 , 33373
2022-03-01 16:06:46 , 181 , 33373
2022-03-01 16:27:38 , 181 , 33359
2022-03-01 16:29:30 , 181 , 33367
2022-03-01 16:45:52 , 181 , 33375
2022-03-01 17:02:14 , 181 , 33427
2022-03-01 17:02:16 , 181 , 33427
2022-03-01 17:03:28 , 181 , 33431
2022-03-01 17:04:56 , 181 , 33308
2022-03-01 17:04:58 , 181 , 33308
2022-03-01 17:05:46 , 181 , 33308
2022-03-01 17:07:40 , 181 , 33324
2022-03-01 17:08:54 , 181 , 33334
2022-03-01 17:21:47 , 181 , 33347
2022-03-01 17:22:56 , 181 , 33345
2022-03-01 17:24:43 , 181 , 33352
2022-03-01 17:24:58 , 181 , 33355
2022-03-01 17:51:45 , 181 , 33355
2022-03-01 17:53:46 , 181 , 33370
2022-03-01 17:54:33 , 181 , 33375
2022-03-01 17:56:03 , 181 , 33391
2022-03-01 17:56:05 , 181 , 33391
2022-03-01 17:56:42 , 181 , 33402
2022-03-01 17:57:36 , 181 , 33406
2022-03-01 17:58:33 , 181 , 33423
2022-03-01 18:00:52 , 181 , 33457
2022-03-01 18:02:21 , 181 , 33479
2022-03-01 18:03:02 , 181 , 33481
2022-03-01 18:04:29 , 181 , 33496
2022-03-01 18:04:31 , 181 , 33496
2022-03-01 18:06:24 , 181 , 33526
2022-03-01 18:06:54 , 181 , 33532
2022-03-01 18:09:01 , 181 , 33455
2022-03-01 18:09:43 , 181 , 33455
2022-03-01 18:09:45 , 181 , 33455
2022-03-01 18:10:25 , 181 , 33455
2022-03-01 18:11:03 , 181 , 33442
2022-03-01 18:12:01 , 181 , 33442
2022-03-01 18:13:41 , 181 , 33429
2022-03-01 18:16:02 , 181 , 33461
2022-03-02 00:57:34 , 181 , 33461
2022-03-02 00:57:38 , 181 , 33461
2022-03-02 13:21:29 , 181 , 33461
2022-03-02 13:22:26 , 181 , 33461
2022-03-02 13:23:18 , 181 , 33461
2022-03-02 13:25:13 , 181 , 33461
2022-03-02 13:26:18 , 181 , 33461
2022-03-02 13:28:07 , 181 , 33461
2022-03-02 13:29:05 , 181 , 33461
2022-03-02 13:29:52 , 181 , 33461
2022-03-02 13:31:13 , 181 , 33461
2022-03-02 13:32:14 , 181 , 33461
2022-03-02 13:33:23 , 181 , 33461
2022-03-02 13:34:13 , 181 , 33461
2022-03-02 13:35:36 , 181 , 33461
2022-03-02 13:36:39 , 181 , 33461
2022-03-02 13:38:16 , 181 , 33461
2022-03-02 15:04:56 , 181 , 33519
2022-03-02 15:05:35 , 181 , 33495
2022-03-02 15:06:46 , 181 , 33495
2022-03-02 15:08:31 , 181 , 33520
2022-03-02 15:08:43 , 181 , 33520
2022-03-02 15:11:25 , 181 , 33520
2022-03-02 15:11:58 , 181 , 33520
2022-03-02 15:12:16 , 181 , 33520
2022-03-02 15:14:15 , 181 , 33520
2022-03-02 15:15:04 , 181 , 33520
2022-03-02 15:15:20 , 181 , 33520
2022-03-02 15:19:44 , 181 , 33536
2022-03-02 15:20:10 , 181 , 33539
2022-03-02 15:22:10 , 183 , 33554
2022-03-02 15:22:44 , 183 , 33554
2022-03-02 15:22:46 , 183 , 33554
2022-03-02 15:23:41 , 183 , 33554
2022-03-02 15:26:20 , 183 , 33599
2022-03-02 15:26:53 , 183 , 33612
2022-03-02 15:29:30 , 183 , 33655
2022-03-02 15:30:53 , 183 , 33655
2022-03-02 15:30:56 , 183 , 33655
2022-03-02 15:31:37 , 183 , 33655
2022-03-02 15:31:47 , 183 , 33655
2022-03-02 15:31:49 , 183 , 33655
2022-03-02 15:32:11 , 183 , 33655
2022-03-02 15:33:06 , 183 , 33660
2022-03-02 15:34:52 , 183 , 33692
2022-03-02 15:37:04 , 183 , 33753
2022-03-02 15:37:06 , 183 , 33753
2022-03-02 15:39:26 , 183 , 33773
2022-03-02 15:39:48 , 183 , 33772
2022-03-02 16:21:51 , 183 , 33772
2022-03-02 16:22:45 , 183 , 33789
2022-03-02 16:24:58 , 183 , 33814
2022-03-02 16:26:31 , 183 , 33851
2022-03-02 16:27:23 , 183 , 33851
2022-03-02 16:27:50 , 183 , 33852
2022-03-02 16:29:36 , 183 , 33883
2022-03-02 16:33:08 , 183 , 33933
2022-03-02 16:33:11 , 183 , 33933
2022-03-02 17:46:33 , 183 , 33933
2022-03-02 17:47:26 , 183 , 33956
2022-03-02 17:48:41 , 183 , 33969
2022-03-02 17:49:15 , 183 , 33977
2022-03-02 17:49:38 , 183 , 33977
2022-03-02 17:50:18 , 183 , 33978
2022-03-02 17:50:20 , 183 , 33978
2022-03-02 17:51:18 , 183 , 33977
2022-03-02 17:51:55 , 183 , 33975
2022-03-03 15:33:42 , 183 , 33976
2022-03-03 15:34:22 , 183 , 33989
2022-03-03 15:36:54 , 183 , 34007
2022-03-03 15:40:04 , 183 , 34041
2022-03-03 15:40:20 , 183 , 34041
2022-03-03 15:41:13 , 183 , 34041
2022-03-03 15:41:52 , 183 , 34041
2022-03-03 15:48:43 , 183 , 34049
2022-03-03 15:49:47 , 183 , 34056
2022-03-03 15:50:40 , 183 , 34058
2022-03-03 15:51:46 , 183 , 34077
2022-03-03 15:56:56 , 183 , 34063
2022-03-03 15:56:58 , 183 , 34063
2022-03-03 15:57:14 , 183 , 34088
2022-03-03 15:57:35 , 183 , 34088
2022-03-03 16:10:05 , 183 , 34091
2022-03-03 16:10:59 , 183 , 34091
2022-03-03 16:12:54 , 183 , 34107
2022-03-03 16:14:25 , 183 , 34132
2022-03-03 16:15:17 , 183 , 34145
2022-03-03 16:17:30 , 183 , 34166
2022-03-03 16:17:32 , 183 , 34166
2022-03-03 16:18:49 , 183 , 34166
2022-03-03 16:30:10 , 183 , 34131
2022-03-03 16:32:27 , 183 , 34143
2022-03-03 16:33:32 , 183 , 34154
2022-03-03 16:34:54 , 183 , 34183
2022-03-03 16:35:28 , 183 , 34184
2022-03-03 16:36:11 , 183 , 34190
2022-03-03 16:37:13 , 183 , 34193
2022-03-03 16:43:13 , 185 , 34193
2022-03-03 16:43:15 , 185 , 34193
2022-03-03 17:13:17 , 185 , 34193
2022-03-03 17:13:48 , 185 , 34193
2022-03-03 17:23:44 , 185 , 34245
2022-03-03 17:23:46 , 185 , 34245
2022-03-03 18:08:57 , 185 , 34245
2022-03-03 18:09:43 , 185 , 34245
2022-03-03 18:10:31 , 185 , 34245
2022-03-03 18:10:33 , 185 , 34245
2022-03-03 18:11:06 , 185 , 34245
2022-03-03 18:11:53 , 185 , 34245
2022-03-03 18:11:55 , 185 , 34245
2022-03-03 18:12:20 , 185 , 34245
2022-03-03 18:17:44 , 185 , 34245
2022-03-03 18:21:40 , 185 , 34245
2022-03-03 18:21:57 , 185 , 34248
2022-03-03 18:22:20 , 185 , 34248
2022-03-03 18:22:43 , 185 , 34254
2022-03-03 18:23:38 , 185 , 34254
2022-03-03 18:23:40 , 185 , 34254
2022-03-04 14:48:18 , 185 , 34317
2022-03-04 14:48:49 , 185 , 34328
2022-03-04 16:23:06 , 187 , 34368
2022-03-04 16:23:19 , 187 , 34379
2022-03-04 16:24:46 , 187 , 34392
2022-03-04 16:26:04 , 187 , 34403
2022-03-04 16:47:44 , 187 , 34433
2022-03-04 16:48:03 , 187 , 34427
2022-03-04 16:55:02 , 187 , 34546
2022-03-04 16:55:18 , 187 , 34544
2022-03-04 16:57:59 , 187 , 34613
2022-03-04 16:59:58 , 187 , 34675
2022-03-04 17:00:09 , 187 , 34677
2022-03-04 17:00:22 , 187 , 34677
2022-03-04 17:41:43 , 187 , 34708
2022-03-04 17:43:54 , 187 , 34736
2022-03-04 17:45:23 , 187 , 34783
2022-03-05 00:26:43 , 187 , 34783
2022-03-07 12:33:19 , 187 , 34848
2022-03-07 12:34:47 , 187 , 34866
2022-03-07 12:34:50 , 187 , 34866
2022-03-07 12:35:43 , 187 , 34866
2022-03-07 12:50:56 , 187 , 34886
2022-03-07 12:51:58 , 189 , 34886
2022-03-07 12:59:48 , 187 , 34886
2022-03-07 12:59:50 , 187 , 34886
2022-03-07 13:00:36 , 187 , 34940
2022-03-07 13:01:16 , 187 , 34940
2022-03-07 13:01:19 , 187 , 34940
2022-03-07 13:01:57 , 187 , 34943
2022-03-07 13:03:52 , 187 , 34943
2022-03-07 13:04:35 , 187 , 34944
2022-03-07 13:04:37 , 187 , 34944
2022-03-07 13:05:40 , 187 , 34956
2022-03-07 13:05:42 , 187 , 34956
2022-03-07 13:07:16 , 187 , 34981
2022-03-07 13:08:27 , 187 , 34984
2022-03-07 13:08:29 , 187 , 34984
2022-03-07 13:10:03 , 187 , 34996
2022-03-07 13:15:02 , 187 , 35008
2022-03-07 13:15:04 , 187 , 35008
2022-03-07 13:15:47 , 187 , 35008
2022-03-07 13:16:26 , 187 , 35008
2022-03-07 13:16:28 , 187 , 35008
2022-03-07 13:18:17 , 187 , 35007
2022-03-07 13:29:58 , 187 , 35029
2022-03-07 13:31:53 , 187 , 35043
2022-03-07 13:32:34 , 187 , 35052
2022-03-07 13:35:12 , 187 , 35115
2022-03-07 13:40:43 , 187 , 35129
2022-03-07 13:41:00 , 187 , 35129
2022-03-07 13:41:02 , 187 , 35129
2022-03-07 13:48:41 , 187 , 35138
2022-03-07 13:51:41 , 189 , 35141
2022-03-07 13:54:25 , 189 , 35141
2022-03-07 14:12:32 , 189 , 35146
2022-03-07 14:13:48 , 189 , 35152
2022-03-07 14:13:50 , 189 , 35152
2022-03-07 14:15:28 , 189 , 35160
2022-03-07 14:16:18 , 189 , 35174
2022-03-07 14:16:29 , 189 , 35174
2022-03-07 14:18:39 , 189 , 35205
2022-03-07 14:18:42 , 189 , 35205
2022-03-07 14:22:55 , 189 , 35256
2022-03-07 14:22:57 , 189 , 35256
2022-03-07 14:23:10 , 189 , 35257
2022-03-07 14:23:13 , 189 , 35257
2022-03-07 14:23:25 , 189 , 35257
2022-03-07 14:24:47 , 189 , 35274
2022-03-07 14:25:05 , 189 , 35274
2022-03-07 14:26:32 , 189 , 35306
2022-03-07 15:03:30 , 189 , 35308
2022-03-07 15:03:48 , 189 , 35308
2022-03-07 15:04:44 , 189 , 35308
2022-03-07 15:05:11 , 189 , 35308
2022-03-07 15:06:01 , 189 , 35308
2022-03-07 15:06:23 , 189 , 35308
2022-03-07 15:07:10 , 189 , 35313
2022-03-07 15:08:48 , 189 , 35336
2022-03-07 15:10:41 , 189 , 35358
2022-03-07 15:11:13 , 189 , 35359
2022-03-07 15:11:15 , 189 , 35359
2022-03-07 15:11:26 , 189 , 35358
2022-03-07 15:12:40 , 189 , 35358
2022-03-07 15:15:31 , 189 , 35363
2022-03-07 15:17:37 , 189 , 35363
2022-03-07 15:18:40 , 189 , 35363
2022-03-07 15:19:14 , 189 , 35367
2022-03-07 15:21:20 , 189 , 35424
2022-03-07 15:21:52 , 189 , 35424
2022-03-07 15:22:09 , 189 , 35424
2022-03-07 15:22:57 , 189 , 35428
2022-03-07 15:23:15 , 189 , 35428
2022-03-07 15:23:40 , 189 , 35428
2022-03-07 15:24:23 , 189 , 35430
2022-03-07 15:24:25 , 189 , 35430
2022-03-07 15:27:22 , 189 , 35468
2022-03-07 15:28:01 , 189 , 35477
2022-03-07 15:28:29 , 189 , 35487
2022-03-07 15:30:19 , 189 , 35500
2022-03-07 15:33:47 , 189 , 35329
2022-03-07 15:34:14 , 189 , 35344
2022-03-07 15:34:32 , 189 , 35344
2022-03-07 15:35:20 , 189 , 35346
2022-03-07 15:35:46 , 189 , 35346
2022-03-07 15:35:48 , 189 , 35346
2022-03-07 15:36:06 , 189 , 35346
2022-03-07 15:37:13 , 189 , 35350
2022-03-07 15:37:15 , 189 , 35350
2022-03-07 15:39:56 , 189 , 35350
2022-03-07 15:39:58 , 189 , 35350
2022-03-07 15:40:52 , 189 , 35363
2022-03-07 15:41:39 , 189 , 35374
2022-03-07 15:42:51 , 189 , 35374
2022-03-07 15:43:44 , 189 , 35382
2022-03-07 15:44:58 , 189 , 35390
2022-03-07 15:45:24 , 189 , 35390
2022-03-07 15:52:37 , 189 , 35390
2022-03-07 16:00:48 , 189 , 35424
2022-03-07 16:01:56 , 189 , 35450
2022-03-07 16:33:08 , 189 , 35469
2022-03-07 16:33:19 , 189 , 35469
2022-03-07 16:34:39 , 189 , 35489
2022-03-07 16:35:11 , 189 , 35507
2022-03-07 16:35:42 , 189 , 35510
2022-03-07 16:40:13 , 189 , 35553
2022-03-07 16:41:13 , 189 , 35554
2022-03-07 16:42:38 , 189 , 35561
2022-03-07 16:44:06 , 189 , 35576
2022-03-07 16:44:18 , 189 , 35576
2022-03-07 16:44:40 , 189 , 35581
2022-03-07 16:49:48 , 189 , 35601
2022-03-07 16:50:44 , 189 , 35629
2022-03-07 16:50:46 , 189 , 35629
2022-03-07 16:51:39 , 189 , 35635
2022-03-07 16:52:42 , 189 , 35641
2022-03-07 16:54:16 , 189 , 35644
2022-03-07 17:21:25 , 189 , 35670
2022-03-07 17:21:28 , 189 , 35670
2022-03-07 17:22:49 , 189 , 35688
2022-03-07 17:22:51 , 189 , 35688
2022-03-07 17:23:43 , 189 , 35687
2022-03-07 17:26:39 , 189 , 35736
2022-03-07 17:27:12 , 189 , 35735
2022-03-07 17:27:14 , 189 , 35735
2022-03-07 17:29:16 , 189 , 35733
2022-03-07 17:29:18 , 189 , 35733
2022-03-07 17:29:29 , 189 , 35729
2022-03-07 17:30:26 , 189 , 35711
2022-03-07 17:33:28 , 189 , 35711
2022-03-07 17:34:31 , 189 , 35719
2022-03-07 17:37:26 , 189 , 35730
2022-03-08 14:39:14 , 191 , 35730
2022-03-08 14:40:07 , 191 , 35730
2022-03-08 14:41:45 , 191 , 35730
2022-03-08 14:41:48 , 191 , 35730
2022-03-08 14:43:06 , 191 , 35739
2022-03-08 14:43:08 , 191 , 35739
2022-03-08 14:43:45 , 191 , 35739
2022-03-08 14:43:47 , 191 , 35739
2022-03-08 14:48:22 , 191 , 35718
2022-03-08 14:52:40 , 191 , 35749
2022-03-08 15:06:46 , 191 , 35759
2022-03-08 15:14:47 , 191 , 35812
2022-03-08 15:21:33 , 191 , 35837
2022-03-08 15:21:36 , 191 , 35837
2022-03-08 15:23:44 , 191 , 35875
2022-03-08 15:23:46 , 191 , 35875
2022-03-08 15:35:54 , 191 , 35914
2022-03-08 15:36:11 , 191 , 35914
2022-03-08 15:37:23 , 191 , 35912
2022-03-08 15:37:25 , 191 , 35912
2022-03-08 15:38:19 , 191 , 35914
2022-03-08 15:38:21 , 191 , 35914
2022-03-08 15:39:02 , 191 , 35925
2022-03-08 15:39:33 , 191 , 35942
2022-03-08 15:39:44 , 191 , 35940
2022-03-08 15:43:27 , 193 , 35943
2022-03-08 15:43:47 , 193 , 35943
2022-03-08 16:27:54 , 193 , 35943
2022-03-08 16:27:56 , 193 , 35943
2022-03-08 16:31:06 , 193 , 35943
2022-03-08 16:31:31 , 193 , 35943
2022-03-08 16:31:33 , 193 , 35943
2022-03-08 16:36:15 , 193 , 35943
2022-03-08 16:40:52 , 193 , 35943
2022-03-08 16:40:55 , 193 , 35943
2022-03-08 16:42:29 , 193 , 35943
2022-03-08 16:46:05 , 193 , 35943
2022-03-08 16:46:40 , 193 , 35943
2022-03-08 16:48:26 , 193 , 35943
2022-03-08 16:49:18 , 193 , 35943
2022-03-08 16:49:21 , 193 , 35943
2022-03-08 16:50:30 , 193 , 35943
2022-03-08 16:51:25 , 193 , 35943
2022-03-08 16:51:28 , 193 , 35943
2022-03-08 16:53:29 , 193 , 35962
2022-03-08 16:54:18 , 193 , 35970
2022-03-08 16:55:17 , 193 , 35970
2022-03-08 16:58:07 , 193 , 36007
2022-03-08 16:58:10 , 193 , 36007
2022-03-08 16:59:13 , 193 , 36021
2022-03-08 16:59:53 , 193 , 36048
2022-03-08 17:04:13 , 193 , 36111
2022-03-08 17:05:49 , 193 , 36140
2022-03-08 17:06:34 , 193 , 36140
2022-03-08 17:09:56 , 193 , 36198
2022-03-08 17:10:50 , 193 , 36208
2022-03-08 17:11:13 , 193 , 36210
2022-03-08 17:17:55 , 193 , 36216
2022-03-08 17:19:27 , 193 , 36234
2022-03-08 17:20:36 , 193 , 36258
2022-03-08 17:20:54 , 193 , 36261
2022-03-08 17:22:36 , 193 , 36295
2022-03-08 17:22:39 , 193 , 36295
2022-03-08 17:24:37 , 193 , 36303
2022-03-08 17:29:28 , 193 , 36377
2022-03-08 17:30:23 , 193 , 36387
2022-03-08 17:31:09 , 193 , 36391
2022-03-08 17:31:48 , 193 , 36397
2022-03-08 17:33:15 , 193 , 36407
2022-03-08 17:34:24 , 193 , 36404
2022-03-08 17:34:38 , 193 , 36404
2022-03-08 17:36:09 , 193 , 36428
2022-03-08 17:40:34 , 193 , 36513
2022-03-08 18:02:57 , 195 , 36568
2022-03-10 15:33:29 , 195 , 36601
2022-03-10 15:33:32 , 195 , 36601
2022-03-10 15:37:17 , 195 , 36615
2022-03-10 15:38:42 , 195 , 36640
2022-03-10 15:39:25 , 195 , 36654
2022-03-10 15:39:27 , 195 , 36654
2022-03-10 15:42:20 , 195 , 36654
2022-03-10 15:42:23 , 195 , 36654
2022-03-10 15:55:49 , 195 , 36655
2022-03-10 15:55:51 , 195 , 36655
2022-03-10 15:56:03 , 195 , 36655
2022-03-10 15:56:16 , 195 , 36655
2022-03-10 16:31:37 , 195 , 36655
2022-03-10 16:31:40 , 195 , 36655
2022-03-10 16:37:21 , 195 , 36809
2022-03-10 16:38:54 , 195 , 36854
2022-03-10 16:38:56 , 195 , 36854
2022-03-10 16:39:09 , 195 , 36858
2022-03-10 16:39:11 , 195 , 36858
2022-03-10 16:45:59 , 195 , 36895
2022-03-10 16:46:27 , 195 , 36895
2022-03-10 16:46:30 , 195 , 36895
2022-03-10 16:47:39 , 195 , 36910
2022-03-10 16:49:31 , 195 , 36978
2022-03-10 16:58:28 , 195 , 37005
2022-03-10 16:59:21 , 195 , 37020
2022-03-10 17:02:39 , 195 , 37087
2022-03-10 17:03:57 , 195 , 37135
2022-03-10 17:06:29 , 197 , 37215
2022-03-10 17:07:07 , 197 , 37221
2022-03-10 17:07:10 , 197 , 37221
2022-03-10 17:16:42 , 197 , 37234
2022-03-10 17:17:01 , 197 , 37241
2022-03-10 17:18:37 , 197 , 37264
2022-03-10 17:20:51 , 197 , 37290
2022-03-10 17:22:31 , 197 , 37317
2022-03-10 17:23:30 , 197 , 37317
2022-03-10 17:23:55 , 197 , 37317
2022-03-10 17:24:39 , 197 , 37333
2022-03-10 17:25:09 , 197 , 37332
2022-03-10 17:25:11 , 197 , 37332
2022-03-10 17:25:23 , 197 , 37332
2022-03-10 17:34:40 , 197 , 37391
2022-03-10 17:36:39 , 197 , 37415
2022-03-10 17:37:08 , 197 , 37424
2022-03-10 17:37:10 , 197 , 37424
2022-03-10 17:38:20 , 197 , 37457
2022-03-10 17:38:22 , 197 , 37457
2022-03-10 17:39:17 , 197 , 37469
2022-03-10 17:40:00 , 197 , 37475
2022-03-10 17:41:02 , 197 , 37485
2022-03-10 17:41:15 , 197 , 37485
2022-03-10 17:41:56 , 197 , 37499
2022-03-10 17:42:15 , 197 , 37499
2022-03-10 17:43:38 , 197 , 37499
2022-03-10 17:43:41 , 197 , 37499
2022-03-10 17:44:02 , 197 , 37499
2022-03-10 17:53:37 , 197 , 37536
2022-03-10 17:53:48 , 197 , 37536
2022-03-10 17:53:50 , 197 , 37536
2022-03-10 17:58:00 , 197 , 37567
2022-03-10 17:58:23 , 197 , 37572
2022-03-10 18:13:56 , 199 , 37607
2022-03-10 18:14:58 , 199 , 37640
2022-03-10 18:15:00 , 199 , 37640
2022-03-10 18:27:22 , 199 , 37663
2022-03-10 18:28:43 , 199 , 37684
2022-03-10 18:28:46 , 199 , 37684
2022-03-11 14:23:13 , 199 , 37757
2022-03-11 14:25:17 , 199 , 37797
2022-03-11 14:25:54 , 199 , 37816
2022-03-11 14:30:18 , 199 , 37887
2022-03-11 14:31:19 , 199 , 37899
2022-03-11 14:31:55 , 199 , 37914
2022-03-11 14:33:01 , 199 , 37942
2022-03-11 14:34:56 , 199 , 37960
2022-03-11 14:36:03 , 199 , 37979
2022-03-11 14:44:57 , 199 , 37978
2022-03-11 14:50:05 , 199 , 37984
2022-03-11 14:52:22 , 199 , 38009
2022-03-11 14:54:34 , 199 , 38033
2022-03-11 14:54:36 , 199 , 38033
2022-03-11 16:09:40 , 199 , 38060
2022-03-11 16:11:07 , 199 , 38060
2022-03-11 16:11:09 , 199 , 38060
2022-03-11 16:14:01 , 199 , 38110
2022-03-11 16:14:49 , 199 , 38133
2022-03-11 16:20:04 , 199 , 38206
2022-03-11 16:21:23 , 199 , 38211
2022-03-11 16:21:35 , 199 , 38211
2022-03-11 16:47:18 , 199 , 38222
2022-03-11 16:48:04 , 199 , 38238
2022-03-11 16:52:03 , 199 , 38293
2022-03-11 16:52:06 , 199 , 38293
2022-03-11 17:00:32 , 199 , 38344
2022-03-11 17:02:58 , 199 , 38316
2022-03-11 17:04:24 , 201 , 38316
2022-03-11 17:05:25 , 201 , 38327
2022-03-11 17:09:34 , 201 , 38354
2022-03-11 17:13:42 , 201 , 38396
2022-03-11 17:13:45 , 201 , 38396
2022-03-11 17:18:14 , 203 , 38430
2022-03-11 17:20:01 , 203 , 38430
2022-03-11 17:22:19 , 203 , 38464
2022-03-11 17:24:39 , 203 , 38451
2022-03-11 17:37:31 , 203 , 38445
2022-03-11 17:37:33 , 203 , 38445
2022-03-11 17:37:46 , 203 , 38447
2022-03-11 17:58:04 , 203 , 38457
2022-03-11 17:58:06 , 203 , 38457
2022-03-11 17:58:32 , 203 , 38457
2022-03-11 17:58:34 , 203 , 38457
2022-03-11 18:00:43 , 203 , 38460
2022-03-11 18:00:45 , 203 , 38460
2022-03-11 18:01:01 , 203 , 38460
2022-03-12 17:35:16 , 203 , 38471
2022-03-13 01:15:59 , 203 , 38498
2022-03-13 01:16:01 , 203 , 38498
2022-03-13 01:16:58 , 203 , 38498
2022-03-13 01:17:58 , 203 , 38498
2022-03-13 01:18:01 , 203 , 38498
2022-03-13 15:14:21 , 203 , 38498
2022-03-13 15:14:24 , 203 , 38498
2022-03-13 15:16:10 , 203 , 38498
2022-03-13 15:16:45 , 203 , 38498
2022-03-14 11:01:25 , 203 , 38499
2022-03-14 11:21:34 , 203 , 38528
2022-03-14 11:23:40 , 203 , 38548
2022-03-14 11:59:42 , 203 , 38598
2022-03-14 12:05:08 , 203 , 38598
2022-03-14 12:05:11 , 203 , 38598
2022-03-14 12:06:17 , 203 , 38598
2022-03-14 12:06:20 , 203 , 38598
2022-03-14 12:09:55 , 203 , 38598
2022-03-14 12:16:09 , 203 , 38598
2022-03-14 12:19:46 , 203 , 38598
2022-03-14 12:21:23 , 203 , 38598
2022-03-14 12:21:25 , 203 , 38598
2022-03-14 12:21:48 , 203 , 38598
2022-03-14 12:22:21 , 203 , 38598
2022-03-14 12:26:29 , 203 , 38622
2022-03-14 12:27:27 , 203 , 38628
2022-03-14 13:12:00 , 205 , 38719
2022-03-14 13:12:03 , 205 , 38719
2022-03-14 14:00:00 , 205 , 38718
2022-03-14 14:00:03 , 205 , 38718
2022-03-14 14:03:11 , 205 , 38732
2022-03-14 14:06:21 , 205 , 38732
2022-03-14 14:06:23 , 205 , 38732
2022-03-14 14:07:08 , 205 , 38732
2022-03-14 14:07:11 , 205 , 38732
2022-03-14 14:10:09 , 205 , 38748
2022-03-14 14:14:03 , 205 , 38760
2022-03-14 14:14:06 , 205 , 38760
2022-03-14 14:16:37 , 205 , 38795
2022-03-14 14:17:01 , 205 , 38802
2022-03-14 14:18:02 , 205 , 38802
2022-03-14 14:19:11 , 205 , 38808
2022-03-14 14:19:52 , 205 , 38808
2022-03-14 14:21:08 , 205 , 38808
2022-03-14 14:22:52 , 205 , 38808
2022-03-14 14:23:25 , 205 , 38808
2022-03-14 14:23:27 , 205 , 38808
2022-03-14 14:24:36 , 205 , 38824
2022-03-14 14:25:45 , 205 , 38824
2022-03-14 14:26:35 , 205 , 38832
2022-03-14 14:27:19 , 205 , 38828
2022-03-14 14:33:19 , 205 , 38877
2022-03-14 15:13:38 , 205 , 38925
2022-03-14 15:19:51 , 207 , 38958
2022-03-14 15:21:20 , 205 , 38958
2022-03-14 15:26:33 , 205 , 38958
2022-03-14 15:26:35 , 205 , 38958
2022-03-14 15:29:56 , 205 , 39015
2022-03-14 15:32:01 , 205 , 39020
2022-03-14 15:32:14 , 205 , 39020
2022-03-14 15:33:09 , 205 , 39020
2022-03-14 15:33:12 , 205 , 39020
2022-03-14 15:36:06 , 207 , 39039
2022-03-14 15:36:08 , 207 , 39039
2022-03-14 15:36:35 , 207 , 39043
2022-03-14 15:46:01 , 203 , 38262
2022-03-14 15:51:30 , 203 , 38241
2022-03-14 15:52:47 , 203 , 38241
2022-03-14 15:52:50 , 203 , 38241
2022-03-14 15:54:56 , 203 , 38262
2022-03-14 15:54:58 , 203 , 38262
2022-03-14 15:56:21 , 203 , 38242
2022-03-14 17:48:50 , 203 , 38336
2022-03-14 17:57:45 , 203 , 38418
2022-03-14 18:03:16 , 203 , 38240
2022-03-14 18:04:21 , 203 , 38241
2022-03-14 18:05:06 , 203 , 38246
2022-03-14 18:06:33 , 203 , 38266
2022-03-14 18:20:14 , 201 , 38111
2022-03-14 18:20:16 , 201 , 38111
2022-03-14 18:22:27 , 201 , 38078
2022-03-14 18:22:45 , 201 , 38078
2022-03-14 18:23:37 , 201 , 38078
2022-03-14 18:24:03 , 201 , 38085
2022-03-14 18:24:44 , 201 , 38085
2022-03-14 18:25:02 , 201 , 38085
2022-03-14 18:30:24 , 201 , 38078
2022-03-14 18:30:49 , 201 , 38079
2022-03-14 18:31:01 , 201 , 38077
2022-03-14 18:34:00 , 201 , 38083
2022-03-14 18:34:21 , 201 , 38088
2022-03-14 18:35:13 , 201 , 38091
2022-03-14 18:35:56 , 201 , 38092
2022-03-14 18:48:10 , 201 , 38153
2022-03-14 18:48:38 , 201 , 38152
2022-03-14 18:49:29 , 201 , 38149
2022-03-14 18:49:48 , 201 , 38145
2022-03-14 18:49:50 , 201 , 38145
2022-03-14 18:54:18 , 201 , 38157
2022-03-14 18:58:41 , 201 , 38188
2022-03-14 18:58:43 , 201 , 38188
2022-03-15 11:41:06 , 203 , 38310
2022-03-15 11:41:09 , 203 , 38310
2022-03-15 11:41:32 , 203 , 38310
2022-03-15 11:41:34 , 203 , 38310
2022-03-15 11:41:54 , 203 , 38310
2022-03-15 11:41:56 , 203 , 38310
2022-03-15 11:42:19 , 203 , 38306
2022-03-15 11:42:22 , 203 , 38306
2022-03-15 11:42:35 , 203 , 38306
2022-03-15 11:51:10 , 203 , 38314
2022-03-15 11:51:13 , 203 , 38314
2022-03-15 11:52:05 , 203 , 37165
2022-03-15 12:32:34 , 203 , 37165
2022-03-15 12:33:00 , 203 , 37165
2022-03-15 12:34:00 , 203 , 37165
2022-03-15 12:41:07 , 203 , 37165
2022-03-15 12:41:09 , 203 , 37165
2022-03-15 12:46:35 , 203 , 37165
2022-03-15 12:46:37 , 203 , 37165
2022-03-15 12:47:17 , 203 , 37165
2022-03-15 12:47:20 , 203 , 37165
2022-03-15 21:32:07 , 203 , 37165
2022-03-16 12:17:16 , 203 , 37165
2022-03-16 12:19:57 , 203 , 37165
2022-03-16 12:20:24 , 203 , 37165
2022-03-16 12:20:26 , 203 , 37165
2022-03-16 12:23:23 , 203 , 37165
2022-03-16 12:23:42 , 203 , 37165
2022-03-16 12:24:24 , 203 , 37165
2022-03-16 12:27:09 , 203 , 37165
2022-03-16 18:02:21 , 208 , 37637
2022-03-16 18:02:24 , 208 , 37637
2022-03-16 18:05:06 , 208 , 37637
2022-03-16 18:05:08 , 208 , 37637
2022-03-16 18:05:40 , 208 , 37637
2022-03-16 18:05:43 , 208 , 37637
2022-03-16 18:06:11 , 208 , 37637
2022-03-16 18:06:13 , 208 , 37637
2022-03-16 18:07:44 , 208 , 37637
2022-03-16 18:07:46 , 208 , 37637
2022-03-16 18:08:49 , 208 , 37634
2022-03-16 18:24:19 , 208 , 37683
2022-03-16 18:24:22 , 208 , 37683
2022-03-16 18:37:47 , 208 , 37810
2022-03-16 18:37:49 , 208 , 37810
2022-03-16 18:38:58 , 208 , 37827
2022-03-16 18:39:00 , 208 , 37827
2022-03-16 18:39:39 , 208 , 37836
2022-03-16 18:41:33 , 208 , 37863
2022-03-16 18:42:11 , 208 , 37865
2022-03-16 18:44:20 , 208 , 37868
2022-03-16 18:48:02 , 208 , 37881
2022-03-16 18:51:15 , 208 , 37903
2022-03-16 18:51:18 , 208 , 37903
2022-03-16 18:51:54 , 208 , 37917
2022-03-16 18:52:18 , 208 , 37922
2022-03-16 18:52:21 , 208 , 37922
